Sno,Date,Time,State/UnionTerritory,Confirmed,latitude,longitude
1,30-01-2020,6:00 PM,Kerala,1,10.8505,76.2711
2,31-01-2020,6:00 PM,Kerala,1,10.8505,76.2711
3,01-02-2020,6:00 PM,Kerala,2,10.8505,76.2711
4,02-02-2020,6:00 PM,Kerala,3,10.8505,76.2711
5,03-02-2020,6:00 PM,Kerala,3,10.8505,76.2711
6,04-02-2020,6:00 PM,Kerala,3,10.8505,76.2711
7,05-02-2020,6:00 PM,Kerala,3,10.8505,76.2711
8,06-02-2020,6:00 PM,Kerala,3,10.8505,76.2711
9,07-02-2020,6:00 PM,Kerala,3,10.8505,76.2711
10,08-02-2020,6:00 PM,Kerala,3,10.8505,76.2711
11,09-02-2020,6:00 PM,Kerala,3,10.8505,76.2711
12,10-02-2020,6:00 PM,Kerala,3,10.8505,76.2711
13,11-02-2020,6:00 PM,Kerala,3,10.8505,76.2711
14,12-02-2020,6:00 PM,Kerala,3,10.8505,76.2711
15,13-02-2020,6:00 PM,Kerala,3,10.8505,76.2711
16,14-02-2020,6:00 PM,Kerala,3,10.8505,76.2711
17,15-02-2020,6:00 PM,Kerala,3,10.8505,76.2711
18,16-02-2020,6:00 PM,Kerala,3,10.8505,76.2711
19,17-02-2020,6:00 PM,Kerala,3,10.8505,76.2711
20,18-02-2020,6:00 PM,Kerala,3,10.8505,76.2711
21,19-02-2020,6:00 PM,Kerala,3,10.8505,76.2711
22,20-02-2020,6:00 PM,Kerala,3,10.8505,76.2711
23,21-02-2020,6:00 PM,Kerala,3,10.8505,76.2711
24,22-02-2020,6:00 PM,Kerala,3,10.8505,76.2711
25,23-02-2020,6:00 PM,Kerala,3,10.8505,76.2711
26,24-02-2020,6:00 PM,Kerala,3,10.8505,76.2711
27,25-02-2020,6:00 PM,Kerala,3,10.8505,76.2711
28,26-02-2020,6:00 PM,Kerala,3,10.8505,76.2711
29,27-02-2020,6:00 PM,Kerala,3,10.8505,76.2711
30,28-02-2020,6:00 PM,Kerala,3,10.8505,76.2711
31,29-02-2020,6:00 PM,Kerala,3,10.8505,76.2711
32,01-03-2020,6:00 PM,Kerala,3,10.8505,76.2711
33,02-03-2020,6:00 PM,Telengana,1,18.1124,79.0193
34,02-03-2020,6:00 PM,Kerala,3,10.8505,76.2711
35,02-03-2020,6:00 PM,Delhi,1,28.7041,77.1025
36,03-03-2020,6:00 PM,Telengana,1,18.1124,79.0193
37,03-03-2020,6:00 PM,Rajasthan,1,27.0238,74.2179
38,03-03-2020,6:00 PM,Kerala,3,10.8505,76.2711
39,03-03-2020,6:00 PM,Delhi,1,28.7041,77.1025
40,04-03-2020,6:00 PM,Uttar Pradesh,6,26.8467,80.9462
41,04-03-2020,6:00 PM,Kerala,3,10.8505,76.2711
42,04-03-2020,6:00 PM,Haryana,2,29.0588,76.0856
43,04-03-2020,6:00 PM,Delhi,1,28.7041,77.1025
44,04-03-2020,6:00 PM,Telengana,1,18.1124,79.0193
45,04-03-2020,6:00 PM,Rajasthan,15,27.0238,74.2179
46,05-03-2020,6:00 PM,Delhi,2,28.7041,77.1025
47,05-03-2020,6:00 PM,Haryana,2,29.0588,76.0856
48,05-03-2020,6:00 PM,Kerala,3,10.8505,76.2711
49,05-03-2020,6:00 PM,Rajasthan,15,27.0238,74.2179
50,05-03-2020,6:00 PM,Telengana,1,18.1124,79.0193
51,05-03-2020,6:00 PM,Uttar Pradesh,7,26.8467,80.9462
52,06-03-2020,6:00 PM,Delhi,3,28.7041,77.1025
53,06-03-2020,6:00 PM,Haryana,2,29.0588,76.0856
54,06-03-2020,6:00 PM,Kerala,3,10.8505,76.2711
55,06-03-2020,6:00 PM,Rajasthan,15,27.0238,74.2179
56,06-03-2020,6:00 PM,Uttar Pradesh,7,26.8467,80.9462
57,06-03-2020,6:00 PM,Telengana,1,18.1124,79.0193
58,07-03-2020,6:00 PM,Kerala,3,10.8505,76.2711
59,07-03-2020,6:00 PM,Uttar Pradesh,7,26.8467,80.9462
60,07-03-2020,6:00 PM,Ladakh,2,34.1525,77.577
61,07-03-2020,6:00 PM,Telengana,1,18.1124,79.0193
62,07-03-2020,6:00 PM,Tamil Nadu,1,11.1271,78.6569
63,07-03-2020,6:00 PM,Delhi,3,28.7041,77.1025
64,07-03-2020,6:00 PM,Haryana,2,29.0588,76.0856
65,07-03-2020,6:00 PM,Rajasthan,15,27.0238,74.2179
66,08-03-2020,6:00 PM,Ladakh,2,34.1525,77.577
67,08-03-2020,6:00 PM,Telengana,1,18.1124,79.0193
68,08-03-2020,6:00 PM,Tamil Nadu,1,11.1271,78.6569
69,08-03-2020,6:00 PM,Rajasthan,15,27.0238,74.2179
70,08-03-2020,6:00 PM,Kerala,8,10.8505,76.2711
71,08-03-2020,6:00 PM,Haryana,2,29.0588,76.0856
72,08-03-2020,6:00 PM,Delhi,3,28.7041,77.1025
73,08-03-2020,6:00 PM,Uttar Pradesh,7,26.8467,80.9462
74,09-03-2020,6:00 PM,Ladakh,2,34.1525,77.577
75,09-03-2020,6:00 PM,Karnataka,1,15.3173,75.7139
76,09-03-2020,6:00 PM,Kerala,9,10.8505,76.2711
77,09-03-2020,6:00 PM,Maharashtra,2,19.7515,75.7139
78,09-03-2020,6:00 PM,Punjab,1,31.1471,75.3415
79,09-03-2020,6:00 PM,Rajasthan,15,27.0238,74.2179
80,09-03-2020,6:00 PM,Tamil Nadu,1,11.1271,78.6569
81,09-03-2020,6:00 PM,Telengana,1,18.1124,79.0193
82,09-03-2020,6:00 PM,Jammu and Kashmir,1,33.7782,76.5762
83,09-03-2020,6:00 PM,Uttar Pradesh,7,26.8467,80.9462
84,09-03-2020,6:00 PM,Haryana,2,29.0588,76.0856
85,09-03-2020,6:00 PM,Delhi,4,28.7041,77.1025
86,10-03-2020,6:00 PM,Uttar Pradesh,7,26.8467,80.9462
87,10-03-2020,6:00 PM,Ladakh,2,34.1525,77.577
88,10-03-2020,6:00 PM,Delhi,4,28.7041,77.1025
89,10-03-2020,6:00 PM,Haryana,2,29.0588,76.0856
90,10-03-2020,6:00 PM,Karnataka,4,15.3173,75.7139
91,10-03-2020,6:00 PM,Kerala,15,10.8505,76.2711
92,10-03-2020,6:00 PM,Maharashtra,5,19.7515,75.7139
93,10-03-2020,6:00 PM,Punjab,1,31.1471,75.3415
94,10-03-2020,6:00 PM,Rajasthan,15,27.0238,74.2179
95,10-03-2020,6:00 PM,Tamil Nadu,1,11.1271,78.6569
96,10-03-2020,6:00 PM,Telengana,1,18.1124,79.0193
97,10-03-2020,6:00 PM,Jammu and Kashmir,1,33.7782,76.5762
98,11-03-2020,6:00 PM,Maharashtra,2,19.7515,75.7139
99,11-03-2020,6:00 PM,Delhi,5,28.7041,77.1025
100,11-03-2020,6:00 PM,Haryana,14,29.0588,76.0856
101,11-03-2020,6:00 PM,Kerala,17,10.8505,76.2711
102,11-03-2020,6:00 PM,Rajasthan,3,27.0238,74.2179
103,11-03-2020,6:00 PM,Telengana,1,18.1124,79.0193
104,11-03-2020,6:00 PM,Uttar Pradesh,9,26.8467,80.9462
105,11-03-2020,6:00 PM,Ladakh,2,34.1525,77.577
106,11-03-2020,6:00 PM,Tamil Nadu,1,11.1271,78.6569
107,11-03-2020,6:00 PM,Jammu and Kashmir,1,33.7782,76.5762
108,11-03-2020,6:00 PM,Punjab,1,31.1471,75.3415
109,11-03-2020,6:00 PM,Karnataka,4,15.3173,75.7139
110,12-03-2020,6:00 PM,Delhi,6,28.7041,77.1025
111,12-03-2020,6:00 PM,Haryana,14,29.0588,76.0856
112,12-03-2020,6:00 PM,Kerala,17,10.8505,76.2711
113,12-03-2020,6:00 PM,Rajasthan,3,27.0238,74.2179
114,12-03-2020,6:00 PM,Telengana,1,18.1124,79.0193
115,12-03-2020,6:00 PM,Uttar Pradesh,11,26.8467,80.9462
116,12-03-2020,6:00 PM,Ladakh,3,34.1525,77.577
117,12-03-2020,6:00 PM,Tamil Nadu,1,11.1271,78.6569
118,12-03-2020,6:00 PM,Jammu and Kashmir,1,33.7782,76.5762
119,12-03-2020,6:00 PM,Punjab,1,31.1471,75.3415
120,12-03-2020,6:00 PM,Karnataka,4,15.3173,75.7139
121,12-03-2020,6:00 PM,Maharashtra,11,19.7515,75.7139
122,12-03-2020,6:00 PM,Andhra Pradesh,1,15.9129,79.74
123,13-03-2020,6:00 PM,Delhi,6,28.7041,77.1025
124,13-03-2020,6:00 PM,Haryana,14,29.0588,76.0856
125,13-03-2020,6:00 PM,Kerala,19,10.8505,76.2711
126,13-03-2020,6:00 PM,Rajasthan,3,27.0238,74.2179
127,13-03-2020,6:00 PM,Telengana,1,18.1124,79.0193
128,13-03-2020,6:00 PM,Uttar Pradesh,11,26.8467,80.9462
129,13-03-2020,6:00 PM,Ladakh,3,34.1525,77.577
130,13-03-2020,6:00 PM,Tamil Nadu,1,11.1271,78.6569
131,13-03-2020,6:00 PM,Jammu and Kashmir,1,33.7782,76.5762
132,13-03-2020,6:00 PM,Punjab,1,31.1471,75.3415
133,13-03-2020,6:00 PM,Karnataka,6,15.3173,75.7139
134,13-03-2020,6:00 PM,Maharashtra,14,19.7515,75.7139
135,13-03-2020,6:00 PM,Andhra Pradesh,1,15.9129,79.74
136,14-03-2020,6:00 PM,Delhi,7,28.7041,77.1025
137,14-03-2020,6:00 PM,Haryana,14,29.0588,76.0856
138,14-03-2020,6:00 PM,Kerala,19,10.8505,76.2711
139,14-03-2020,6:00 PM,Rajasthan,3,27.0238,74.2179
140,14-03-2020,6:00 PM,Telengana,1,18.1124,79.0193
141,14-03-2020,6:00 PM,Uttar Pradesh,12,26.8467,80.9462
142,14-03-2020,6:00 PM,Ladakh,3,34.1525,77.577
143,14-03-2020,6:00 PM,Tamil Nadu,1,11.1271,78.6569
144,14-03-2020,6:00 PM,Jammu and Kashmir,2,33.7782,76.5762
145,14-03-2020,6:00 PM,Punjab,1,31.1471,75.3415
146,14-03-2020,6:00 PM,Karnataka,6,15.3173,75.7139
147,14-03-2020,6:00 PM,Maharashtra,14,19.7515,75.7139
148,14-03-2020,6:00 PM,Andhra Pradesh,1,15.9129,79.74
149,15-03-2020,6:00 PM,Andhra Pradesh,1,15.9129,79.74
150,15-03-2020,6:00 PM,Delhi,7,28.7041,77.1025
151,15-03-2020,6:00 PM,Haryana,14,29.0588,76.0856
152,15-03-2020,6:00 PM,Karnataka,6,15.3173,75.7139
153,15-03-2020,6:00 PM,Kerala,22,10.8505,76.2711
154,15-03-2020,6:00 PM,Maharashtra,32,19.7515,75.7139
155,15-03-2020,6:00 PM,Punjab,1,31.1471,75.3415
156,15-03-2020,6:00 PM,Rajasthan,4,27.0238,74.2179
157,15-03-2020,6:00 PM,Tamil Nadu,1,11.1271,78.6569
158,15-03-2020,6:00 PM,Telengana,3,18.1124,79.0193
159,15-03-2020,6:00 PM,Jammu and Kashmir,2,33.7782,76.5762
160,15-03-2020,6:00 PM,Ladakh,3,34.1525,77.577
161,15-03-2020,6:00 PM,Uttar Pradesh,13,26.8467,80.9462
162,15-03-2020,6:00 PM,Uttarakhand,1,30.0668,79.0193
163,16-03-2020,6:00 PM,Andhra Pradesh,1,15.9129,79.74
164,16-03-2020,6:00 PM,Delhi,7,28.7041,77.1025
165,16-03-2020,6:00 PM,Haryana,14,29.0588,76.0856
166,16-03-2020,6:00 PM,Karnataka,6,15.3173,75.7139
167,16-03-2020,6:00 PM,Kerala,23,10.8505,76.2711
168,16-03-2020,6:00 PM,Maharashtra,32,19.7515,75.7139
169,16-03-2020,6:00 PM,Odisha,1,20.9517,85.0985
170,16-03-2020,6:00 PM,Punjab,1,31.1471,75.3415
171,16-03-2020,6:00 PM,Rajasthan,4,27.0238,74.2179
172,16-03-2020,6:00 PM,Tamil Nadu,1,11.1271,78.6569
173,16-03-2020,6:00 PM,Telengana,3,18.1124,79.0193
174,16-03-2020,6:00 PM,Jammu and Kashmir,3,33.7782,76.5762
175,16-03-2020,6:00 PM,Ladakh,4,34.1525,77.577
176,16-03-2020,6:00 PM,Uttar Pradesh,13,26.8467,80.9462
177,16-03-2020,6:00 PM,Uttarakhand,1,30.0668,79.0193
178,17-03-2020,6:00 PM,Andhra Pradesh,1,15.9129,79.74
179,17-03-2020,6:00 PM,Delhi,8,28.7041,77.1025
180,17-03-2020,6:00 PM,Haryana,15,29.0588,76.0856
181,17-03-2020,6:00 PM,Karnataka,11,15.3173,75.7139
182,17-03-2020,6:00 PM,Kerala,26,10.8505,76.2711
183,17-03-2020,6:00 PM,Maharashtra,39,19.7515,75.7139
184,17-03-2020,6:00 PM,Odisha,1,20.9517,85.0985
185,17-03-2020,6:00 PM,Punjab,1,31.1471,75.3415
186,17-03-2020,6:00 PM,Rajasthan,4,27.0238,74.2179
187,17-03-2020,6:00 PM,Tamil Nadu,1,11.1271,78.6569
188,17-03-2020,6:00 PM,Telengana,5,18.1124,79.0193
189,17-03-2020,6:00 PM,Jammu and Kashmir,3,33.7782,76.5762
190,17-03-2020,6:00 PM,Ladakh,6,34.1525,77.577
191,17-03-2020,6:00 PM,Uttar Pradesh,15,26.8467,80.9462
192,17-03-2020,6:00 PM,Uttarakhand,1,30.0668,79.0193
193,18-03-2020,6:00 PM,Andhra Pradesh,1,15.9129,79.74
194,18-03-2020,6:00 PM,Delhi,10,28.7041,77.1025
195,18-03-2020,6:00 PM,Haryana,17,29.0588,76.0856
196,18-03-2020,6:00 PM,Karnataka,11,15.3173,75.7139
197,18-03-2020,6:00 PM,Kerala,27,10.8505,76.2711
198,18-03-2020,6:00 PM,Maharashtra,42,19.7515,75.7139
199,18-03-2020,6:00 PM,Odisha,1,20.9517,85.0985
200,18-03-2020,6:00 PM,Puducherry,1,11.9416,79.8083
201,18-03-2020,6:00 PM,Punjab,1,31.1471,75.3415
202,18-03-2020,6:00 PM,Rajasthan,4,27.0238,74.2179
203,18-03-2020,6:00 PM,Tamil Nadu,1,11.1271,78.6569
204,18-03-2020,6:00 PM,Telengana,6,18.1124,79.0193
205,18-03-2020,6:00 PM,Jammu and Kashmir,3,33.7782,76.5762
206,18-03-2020,6:00 PM,Ladakh,8,34.1525,77.577
207,18-03-2020,6:00 PM,Uttar Pradesh,16,26.8467,80.9462
208,18-03-2020,6:00 PM,Uttarakhand,1,30.0668,79.0193
209,18-03-2020,6:00 PM,West Bengal,1,22.9868,87.855
210,19-03-2020,6:00 PM,Andhra Pradesh,2,15.9129,79.74
211,19-03-2020,6:00 PM,Chhattisgarh,1,21.2787,81.8661
212,19-03-2020,6:00 PM,Delhi,12,28.7041,77.1025
213,19-03-2020,6:00 PM,Haryana,17,29.0588,76.0856
214,19-03-2020,6:00 PM,Karnataka,14,15.3173,75.7139
215,19-03-2020,6:00 PM,Kerala,27,10.8505,76.2711
216,19-03-2020,6:00 PM,Maharashtra,47,19.7515,75.7139
217,19-03-2020,6:00 PM,Odisha,1,20.9517,85.0985
218,19-03-2020,6:00 PM,Puducherry,1,11.9416,79.8083
219,19-03-2020,6:00 PM,Punjab,2,31.1471,75.3415
220,19-03-2020,6:00 PM,Rajasthan,7,27.0238,74.2179
221,19-03-2020,6:00 PM,Tamil Nadu,2,11.1271,78.6569
222,19-03-2020,6:00 PM,Telengana,6,18.1124,79.0193
223,19-03-2020,6:00 PM,Chandigarh,1,30.7333,76.7794
224,19-03-2020,6:00 PM,Jammu and Kashmir,4,33.7782,76.5762
225,19-03-2020,6:00 PM,Ladakh,8,34.1525,77.577
226,19-03-2020,6:00 PM,Uttar Pradesh,19,26.8467,80.9462
227,19-03-2020,6:00 PM,Uttarakhand,1,30.0668,79.0193
228,19-03-2020,6:00 PM,West Bengal,1,22.9868,87.855
229,20-03-2020,6:00 PM,Andhra Pradesh,3,15.9129,79.74
230,20-03-2020,6:00 PM,Chhattisgarh,1,21.2787,81.8661
231,20-03-2020,6:00 PM,Delhi,17,28.7041,77.1025
232,20-03-2020,6:00 PM,Gujarat,5,22.2587,71.1924
233,20-03-2020,6:00 PM,Haryana,17,29.0588,76.0856
234,20-03-2020,6:00 PM,Karnataka,15,15.3173,75.7139
235,20-03-2020,6:00 PM,Kerala,28,10.8505,76.2711
236,20-03-2020,6:00 PM,Maharashtra,52,19.7515,75.7139
237,20-03-2020,6:00 PM,Odisha,2,20.9517,85.0985
238,20-03-2020,6:00 PM,Puducherry,1,11.9416,79.8083
239,20-03-2020,6:00 PM,Punjab,2,31.1471,75.3415
240,20-03-2020,6:00 PM,Rajasthan,17,27.0238,74.2179
241,20-03-2020,6:00 PM,Tamil Nadu,3,11.1271,78.6569
242,20-03-2020,6:00 PM,Telengana,17,18.1124,79.0193
243,20-03-2020,6:00 PM,Chandigarh,1,30.7333,76.7794
244,20-03-2020,6:00 PM,Jammu and Kashmir,4,33.7782,76.5762
245,20-03-2020,6:00 PM,Ladakh,10,34.1525,77.577
246,20-03-2020,6:00 PM,Uttar Pradesh,23,26.8467,80.9462
247,20-03-2020,6:00 PM,Uttarakhand,3,30.0668,79.0193
248,20-03-2020,6:00 PM,West Bengal,2,22.9868,87.855
249,21-03-2020,6:00 PM,Andhra Pradesh,3,15.9129,79.74
250,21-03-2020,6:00 PM,Chhattisgarh,1,21.2787,81.8661
251,21-03-2020,6:00 PM,Delhi,26,28.7041,77.1025
252,21-03-2020,6:00 PM,Gujarat,7,22.2587,71.1924
253,21-03-2020,6:00 PM,Haryana,17,29.0588,76.0856
254,21-03-2020,6:00 PM,Himachal Pradesh,2,31.1048,77.1734
255,21-03-2020,6:00 PM,Karnataka,15,15.3173,75.7139
256,21-03-2020,6:00 PM,Kerala,40,10.8505,76.2711
257,21-03-2020,6:00 PM,Madhya Pradesh,4,,
258,21-03-2020,6:00 PM,Maharashtra,63,19.7515,75.7139
259,21-03-2020,6:00 PM,Odisha,2,20.9517,85.0985
260,21-03-2020,6:00 PM,Puducherry,1,11.9416,79.8083
261,21-03-2020,6:00 PM,Punjab,13,31.1471,75.3415
262,21-03-2020,6:00 PM,Rajasthan,17,27.0238,74.2179
263,21-03-2020,6:00 PM,Tamil Nadu,3,11.1271,78.6569
264,21-03-2020,6:00 PM,Telengana,21,18.1124,79.0193
265,21-03-2020,6:00 PM,Chandigarh,1,30.7333,76.7794
266,21-03-2020,6:00 PM,Jammu and Kashmir,4,33.7782,76.5762
267,21-03-2020,6:00 PM,Ladakh,13,34.1525,77.577
268,21-03-2020,6:00 PM,Uttar Pradesh,24,26.8467,80.9462
269,21-03-2020,6:00 PM,Uttarakhand,3,30.0668,79.0193
270,21-03-2020,6:00 PM,West Bengal,3,22.9868,87.855
271,22-03-2020,6:00 PM,Andhra Pradesh,5,15.9129,79.74
272,22-03-2020,6:00 PM,Bihar,2,25.0961,85.3131
273,22-03-2020,6:00 PM,Chhattisgarh,1,21.2787,81.8661
274,22-03-2020,6:00 PM,Delhi,29,28.7041,77.1025
275,22-03-2020,6:00 PM,Gujarat,18,22.2587,71.1924
276,22-03-2020,6:00 PM,Haryana,21,29.0588,76.0856
277,22-03-2020,6:00 PM,Himachal Pradesh,2,31.1048,77.1734
278,22-03-2020,6:00 PM,Karnataka,26,15.3173,75.7139
279,22-03-2020,6:00 PM,Kerala,52,10.8505,76.2711
280,22-03-2020,6:00 PM,Madhya Pradesh,4,22.9734,78.6569
281,22-03-2020,6:00 PM,Maharashtra,67,19.7515,75.7139
282,22-03-2020,6:00 PM,Odisha,2,20.9517,85.0985
283,22-03-2020,6:00 PM,Puducherry,1,11.9416,79.8083
284,22-03-2020,6:00 PM,Punjab,21,31.1471,75.3415
285,22-03-2020,6:00 PM,Rajasthan,24,27.0238,74.2179
286,22-03-2020,6:00 PM,Tamil Nadu,7,11.1271,78.6569
287,22-03-2020,6:00 PM,Telengana,22,18.1124,79.0193
288,22-03-2020,6:00 PM,Chandigarh,5,30.7333,76.7794
289,22-03-2020,6:00 PM,Jammu and Kashmir,4,33.7782,76.5762
290,22-03-2020,6:00 PM,Ladakh,13,34.1525,77.577
291,22-03-2020,6:00 PM,Uttar Pradesh,27,26.8467,80.9462
292,22-03-2020,6:00 PM,Uttarakhand,3,30.0668,79.0193
293,22-03-2020,6:00 PM,West Bengal,4,22.9868,87.855
294,23-03-2020,6:00 PM,Andhra Pradesh,7,15.9129,79.74
295,23-03-2020,6:00 PM,Bihar,2,25.0961,85.3131
296,23-03-2020,6:00 PM,Chhattisgarh,1,21.2787,81.8661
297,23-03-2020,6:00 PM,Delhi,29,28.7041,77.1025
298,23-03-2020,6:00 PM,Gujarat,29,22.2587,71.1924
299,23-03-2020,6:00 PM,Haryana,26,29.0588,76.0856
300,23-03-2020,6:00 PM,Himachal Pradesh,2,31.1048,77.1734
301,23-03-2020,6:00 PM,Karnataka,33,15.3173,75.7139
302,23-03-2020,6:00 PM,Kerala,67,10.8505,76.2711
303,23-03-2020,6:00 PM,Madhya Pradesh,6,22.9734,78.6569
304,23-03-2020,6:00 PM,Maharashtra,74,19.7515,75.7139
305,23-03-2020,6:00 PM,Odisha,2,20.9517,85.0985
306,23-03-2020,6:00 PM,Puducherry,1,11.9416,79.8083
307,23-03-2020,6:00 PM,Punjab,21,31.1471,75.3415
308,23-03-2020,6:00 PM,Rajasthan,28,27.0238,74.2179
309,23-03-2020,6:00 PM,Tamil Nadu,9,11.1271,78.6569
310,23-03-2020,6:00 PM,Telengana,32,18.1124,79.0193
311,23-03-2020,6:00 PM,Chandigarh,6,30.7333,76.7794
312,23-03-2020,6:00 PM,Jammu and Kashmir,4,33.7782,76.5762
313,23-03-2020,6:00 PM,Ladakh,13,34.1525,77.577
314,23-03-2020,6:00 PM,Uttar Pradesh,31,26.8467,80.9462
315,23-03-2020,6:00 PM,Uttarakhand,3,30.0668,79.0193
316,23-03-2020,6:00 PM,West Bengal,7,22.9868,87.855
317,24-03-2020,6:00 PM,Andhra Pradesh,8,15.9129,79.74
318,24-03-2020,6:00 PM,Bihar,3,25.0961,85.3131
319,24-03-2020,6:00 PM,Chhattisgarh,1,21.2787,81.8661
320,24-03-2020,6:00 PM,Delhi,30,28.7041,77.1025
321,24-03-2020,6:00 PM,Gujarat,33,22.2587,71.1924
322,24-03-2020,6:00 PM,Haryana,28,29.0588,76.0856
323,24-03-2020,6:00 PM,Himachal Pradesh,3,31.1048,77.1734
324,24-03-2020,6:00 PM,Karnataka,37,15.3173,75.7139
325,24-03-2020,6:00 PM,Kerala,95,10.8505,76.2711
326,24-03-2020,6:00 PM,Madhya Pradesh,7,22.9734,78.6569
327,24-03-2020,6:00 PM,Maharashtra,89,19.7515,75.7139
328,24-03-2020,6:00 PM,Manipur,1,24.6637,93.9063
329,24-03-2020,6:00 PM,Odisha,2,20.9517,85.0985
330,24-03-2020,6:00 PM,Puducherry,1,11.9416,79.8083
331,24-03-2020,6:00 PM,Punjab,29,31.1471,75.3415
332,24-03-2020,6:00 PM,Rajasthan,32,27.0238,74.2179
333,24-03-2020,6:00 PM,Tamil Nadu,15,11.1271,78.6569
334,24-03-2020,6:00 PM,Telengana,35,18.1124,79.0193
335,24-03-2020,6:00 PM,Chandigarh,7,30.7333,76.7794
336,24-03-2020,6:00 PM,Jammu and Kashmir,4,33.7782,76.5762
337,24-03-2020,6:00 PM,Ladakh,13,34.1525,77.577
338,24-03-2020,6:00 PM,Uttar Pradesh,33,26.8467,80.9462
339,24-03-2020,6:00 PM,Uttarakhand,4,30.0668,79.0193
340,24-03-2020,6:00 PM,West Bengal,9,22.9868,87.855
341,25-03-2020,6:00 PM,Andhra Pradesh,9,15.9129,79.74
342,25-03-2020,6:00 PM,Bihar,4,25.0961,85.3131
343,25-03-2020,6:00 PM,Chhattisgarh,1,21.2787,81.8661
344,25-03-2020,6:00 PM,Delhi,31,28.7041,77.1025
345,25-03-2020,6:00 PM,Gujarat,38,22.2587,71.1924
346,25-03-2020,6:00 PM,Haryana,28,29.0588,76.0856
347,25-03-2020,6:00 PM,Himachal Pradesh,3,31.1048,77.1734
348,25-03-2020,6:00 PM,Karnataka,41,15.3173,75.7139
349,25-03-2020,6:00 PM,Kerala,109,10.8505,76.2711
350,25-03-2020,6:00 PM,Madhya Pradesh,14,22.9734,78.6569
351,25-03-2020,6:00 PM,Maharashtra,128,19.7515,75.7139
352,25-03-2020,6:00 PM,Manipur,1,24.6637,93.9063
353,25-03-2020,6:00 PM,Mizoram,1,23.1645,92.9376
354,25-03-2020,6:00 PM,Odisha,2,20.9517,85.0985
355,25-03-2020,6:00 PM,Puducherry,1,11.9416,79.8083
356,25-03-2020,6:00 PM,Punjab,29,31.1471,75.3415
357,25-03-2020,6:00 PM,Rajasthan,36,27.0238,74.2179
358,25-03-2020,6:00 PM,Tamil Nadu,18,11.1271,78.6569
359,25-03-2020,6:00 PM,Telengana,35,18.1124,79.0193
360,25-03-2020,6:00 PM,Chandigarh,7,30.7333,76.7794
361,25-03-2020,6:00 PM,Jammu and Kashmir,7,33.7782,76.5762
362,25-03-2020,6:00 PM,Ladakh,13,34.1525,77.577
363,25-03-2020,6:00 PM,Uttar Pradesh,37,26.8467,80.9462
364,25-03-2020,6:00 PM,Uttarakhand,4,30.0668,79.0193
365,25-03-2020,6:00 PM,West Bengal,9,22.9868,87.855
366,26-03-2020,6:00 PM,Andaman and Nicobar Islands,1,11.7401,92.6586
367,26-03-2020,6:00 PM,Andhra Pradesh,11,15.9129,79.74
368,26-03-2020,6:00 PM,Bihar,6,25.0961,85.3131
369,26-03-2020,6:00 PM,Chandigarh,7,30.7333,76.7794
370,26-03-2020,6:00 PM,Chhattisgarh,6,21.2787,81.8661
371,26-03-2020,6:00 PM,Delhi,36,28.7041,77.1025
372,26-03-2020,6:00 PM,Goa,3,15.2993,74.124
373,26-03-2020,6:00 PM,Gujarat,43,22.2587,71.1924
374,26-03-2020,6:00 PM,Haryana,30,29.0588,76.0856
375,26-03-2020,6:00 PM,Himachal Pradesh,3,31.1048,77.1734
376,26-03-2020,6:00 PM,Jammu and Kashmir,13,33.7782,76.5762
377,26-03-2020,6:00 PM,Karnataka,55,15.3173,75.7139
378,26-03-2020,6:00 PM,Kerala,118,10.8505,76.2711
379,26-03-2020,6:00 PM,Ladakh,13,34.1525,77.577
380,26-03-2020,6:00 PM,Madhya Pradesh,20,22.9734,78.6569
381,26-03-2020,6:00 PM,Maharashtra,124,19.7515,75.7139
382,26-03-2020,6:00 PM,Manipur,1,24.6637,93.9063
383,26-03-2020,6:00 PM,Mizoram,1,23.1645,92.9376
384,26-03-2020,6:00 PM,Odisha,2,20.9517,85.0985
385,26-03-2020,6:00 PM,Puducherry,1,11.9416,79.8083
386,26-03-2020,6:00 PM,Punjab,33,31.1471,75.3415
387,26-03-2020,6:00 PM,Rajasthan,41,27.0238,74.2179
388,26-03-2020,6:00 PM,Tamil Nadu,26,11.1271,78.6569
389,26-03-2020,6:00 PM,Telengana,44,18.1124,79.0193
390,26-03-2020,6:00 PM,Uttarakhand,5,30.0668,79.0193
391,26-03-2020,6:00 PM,Uttar Pradesh,41,26.8467,80.9462
392,26-03-2020,6:00 PM,West Bengal,10,22.9868,87.855
393,27-03-2020,10:00 AM,Andaman and Nicobar Islands,1,11.7401,92.6586
394,27-03-2020,10:00 AM,Andhra Pradesh,12,15.9129,79.74
395,27-03-2020,10:00 AM,Bihar,6,25.0961,85.3131
396,27-03-2020,10:00 AM,Chandigarh,7,30.7333,76.7794
397,27-03-2020,10:00 AM,Chhattisgarh,6,21.2787,81.8661
398,27-03-2020,10:00 AM,Delhi,36,28.7041,77.1025
399,27-03-2020,10:00 AM,Goa,3,15.2993,74.124
400,27-03-2020,10:00 AM,Gujarat,43,22.2587,71.1924
401,27-03-2020,10:00 AM,Haryana,30,29.0588,76.0856
402,27-03-2020,10:00 AM,Himachal Pradesh,3,31.1048,77.1734
403,27-03-2020,10:00 AM,Jammu and Kashmir,13,33.7782,76.5762
404,27-03-2020,10:00 AM,Karnataka,55,15.3173,75.7139
405,27-03-2020,10:00 AM,Kerala,137,10.8505,76.2711
406,27-03-2020,10:00 AM,Ladakh,13,34.1525,77.577
407,27-03-2020,10:00 AM,Madhya Pradesh,20,22.9734,78.6569
408,27-03-2020,10:00 AM,Maharashtra,130,19.7515,75.7139
409,27-03-2020,10:00 AM,Manipur,1,24.6637,93.9063
410,27-03-2020,10:00 AM,Mizoram,1,23.1645,92.9376
411,27-03-2020,10:00 AM,Odisha,2,20.9517,85.0985
412,27-03-2020,10:00 AM,Puducherry,1,11.9416,79.8083
413,27-03-2020,10:00 AM,Punjab,33,31.1471,75.3415
414,27-03-2020,10:00 AM,Rajasthan,41,27.0238,74.2179
415,27-03-2020,10:00 AM,Tamil Nadu,29,11.1271,78.6569
416,27-03-2020,10:00 AM,Telengana,45,18.1124,79.0193
417,27-03-2020,10:00 AM,Uttarakhand,5,30.0668,79.0193
418,27-03-2020,10:00 AM,Uttar Pradesh,41,26.8467,80.9462
419,27-03-2020,10:00 AM,West Bengal,10,22.9868,87.855
420,28-03-2020,6:00 PM,Andhra Pradesh,14,15.9129,79.74
421,28-03-2020,6:00 PM,Andaman and Nicobar Islands,6,11.7401,92.6586
422,28-03-2020,6:00 PM,Bihar,9,25.0961,85.3131
423,28-03-2020,6:00 PM,Chandigarh,8,30.7333,76.7794
424,28-03-2020,6:00 PM,Chhattisgarh,6,21.2787,81.8661
425,28-03-2020,6:00 PM,Delhi,39,28.7041,77.1025
426,28-03-2020,6:00 PM,Goa,3,15.2993,74.124
427,28-03-2020,6:00 PM,Gujarat,45,22.2587,71.1924
428,28-03-2020,6:00 PM,Haryana,33,29.0588,76.0856
429,28-03-2020,6:00 PM,Himachal Pradesh,3,31.1048,77.1734
430,28-03-2020,6:00 PM,Jammu and Kashmir,20,33.7782,76.5762
431,28-03-2020,6:00 PM,Karnataka,55,15.3173,75.7139
432,28-03-2020,6:00 PM,Kerala,176,10.8505,76.2711
433,28-03-2020,6:00 PM,Ladakh,13,34.1525,77.577
434,28-03-2020,6:00 PM,Madhya Pradesh,30,22.9734,78.6569
435,28-03-2020,6:00 PM,Maharashtra,180,19.7515,75.7139
436,28-03-2020,6:00 PM,Manipur,1,24.6637,93.9063
437,28-03-2020,6:00 PM,Mizoram,1,23.1645,92.9376
438,28-03-2020,6:00 PM,Odisha,3,20.9517,85.0985
439,28-03-2020,6:00 PM,Puducherry,1,11.9416,79.8083
440,28-03-2020,6:00 PM,Punjab,38,31.1471,75.3415
441,28-03-2020,6:00 PM,Rajasthan,54,27.0238,74.2179
442,28-03-2020,6:00 PM,Tamil Nadu,40,11.1271,78.6569
443,28-03-2020,6:00 PM,Telengana,56,18.1124,79.0193
444,28-03-2020,6:00 PM,Uttarakhand,5,30.0668,79.0193
445,28-03-2020,6:00 PM,Uttar Pradesh,55,26.8467,80.9462
446,28-03-2020,6:00 PM,West Bengal,15,22.9868,87.855
447,29-03-2020,7:30 PM,Andhra Pradesh,19,15.9129,79.74
448,29-03-2020,7:30 PM,Andaman and Nicobar Islands,9,11.7401,92.6586
449,29-03-2020,7:30 PM,Bihar,11,25.0961,85.3131
450,29-03-2020,7:30 PM,Chandigarh,8,30.7333,76.7794
451,29-03-2020,7:30 PM,Chhattisgarh,7,21.2787,81.8661
452,29-03-2020,7:30 PM,Delhi,49,28.7041,77.1025
453,29-03-2020,7:30 PM,Goa,5,15.2993,74.124
454,29-03-2020,7:30 PM,Gujarat,58,22.2587,71.1924
455,29-03-2020,7:30 PM,Haryana,33,29.0588,76.0856
456,29-03-2020,7:30 PM,Himachal Pradesh,3,31.1048,77.1734
457,29-03-2020,7:30 PM,Jammu and Kashmir,31,33.7782,76.5762
458,29-03-2020,7:30 PM,Karnataka,76,15.3173,75.7139
459,29-03-2020,7:30 PM,Kerala,182,10.8505,76.2711
460,29-03-2020,7:30 PM,Ladakh,13,34.1525,77.577
461,29-03-2020,7:30 PM,Madhya Pradesh,30,22.9734,78.6569
462,29-03-2020,7:30 PM,Maharashtra,186,19.7515,75.7139
463,29-03-2020,7:30 PM,Manipur,1,24.6637,93.9063
464,29-03-2020,7:30 PM,Mizoram,1,23.1645,92.9376
465,29-03-2020,7:30 PM,Odisha,3,20.9517,85.0985
466,29-03-2020,7:30 PM,Puducherry,1,11.9416,79.8083
467,29-03-2020,7:30 PM,Punjab,38,31.1471,75.3415
468,29-03-2020,7:30 PM,Rajasthan,55,27.0238,74.2179
469,29-03-2020,7:30 PM,Tamil Nadu,49,11.1271,78.6569
470,29-03-2020,7:30 PM,Telengana,66,18.1124,79.0193
471,29-03-2020,7:30 PM,Uttarakhand,7,30.0668,79.0193
472,29-03-2020,7:30 PM,Uttar Pradesh,65,26.8467,80.9462
473,29-03-2020,7:30 PM,West Bengal,18,22.9868,87.855
474,30-03-2020,9:30 PM,Andhra Pradesh,23,15.9129,79.74
475,30-03-2020,9:30 PM,Andaman and Nicobar Islands,9,11.7401,92.6586
476,30-03-2020,9:30 PM,Bihar,15,25.0961,85.3131
477,30-03-2020,9:30 PM,Chandigarh,8,30.7333,76.7794
478,30-03-2020,9:30 PM,Chhattisgarh,7,21.2787,81.8661
479,30-03-2020,9:30 PM,Delhi,87,28.7041,77.1025
480,30-03-2020,9:30 PM,Goa,5,15.2993,74.124
481,30-03-2020,9:30 PM,Gujarat,69,22.2587,71.1924
482,30-03-2020,9:30 PM,Haryana,36,29.0588,76.0856
483,30-03-2020,9:30 PM,Himachal Pradesh,3,31.1048,77.1734
484,30-03-2020,9:30 PM,Jammu and Kashmir,48,33.7782,76.5762
485,30-03-2020,9:30 PM,Karnataka,83,15.3173,75.7139
486,30-03-2020,9:30 PM,Kerala,202,10.8505,76.2711
487,30-03-2020,9:30 PM,Ladakh,13,34.1525,77.577
488,30-03-2020,9:30 PM,Madhya Pradesh,47,22.9734,78.6569
489,30-03-2020,9:30 PM,Maharashtra,198,19.7515,75.7139
490,30-03-2020,9:30 PM,Manipur,1,24.6637,93.9063
491,30-03-2020,9:30 PM,Mizoram,1,23.1645,92.9376
492,30-03-2020,9:30 PM,Odisha,3,20.9517,85.0985
493,30-03-2020,9:30 PM,Puducherry,1,11.9416,79.8083
494,30-03-2020,9:30 PM,Punjab,38,31.1471,75.3415
495,30-03-2020,9:30 PM,Rajasthan,59,27.0238,74.2179
496,30-03-2020,9:30 PM,Tamil Nadu,67,11.1271,78.6569
497,30-03-2020,9:30 PM,Telengana,71,18.1124,79.0193
498,30-03-2020,9:30 PM,Uttarakhand,7,30.0668,79.0193
499,30-03-2020,9:30 PM,Uttar Pradesh,82,26.8467,80.9462
500,30-03-2020,9:30 PM,West Bengal,22,22.9868,87.855
501,30-03-2020,9:30 PM,Unassigned,46,28.7041,77.1025
502,31-03-2020,8:30 PM,Andhra Pradesh,40,15.9129,79.74
503,31-03-2020,8:30 PM,Andaman and Nicobar Islands,10,11.7401,92.6586
504,31-03-2020,8:30 PM,Bihar,15,25.0961,85.3131
505,31-03-2020,8:30 PM,Chandigarh,13,30.7333,76.7794
506,31-03-2020,8:30 PM,Chhattisgarh,8,21.2787,81.8661
507,31-03-2020,8:30 PM,Delhi,97,28.7041,77.1025
508,31-03-2020,8:30 PM,Goa,5,15.2993,74.124
509,31-03-2020,8:30 PM,Gujarat,73,22.2587,71.1924
510,31-03-2020,8:30 PM,Haryana,40,29.0588,76.0856
511,31-03-2020,8:30 PM,Himachal Pradesh,3,31.1048,77.1734
512,31-03-2020,8:30 PM,Jammu and Kashmir,54,33.7782,76.5762
513,31-03-2020,8:30 PM,Karnataka,83,15.3173,75.7139
514,31-03-2020,8:30 PM,Kerala,234,10.8505,76.2711
515,31-03-2020,8:30 PM,Ladakh,13,34.1525,77.577
516,31-03-2020,8:30 PM,Madhya Pradesh,47,22.9734,78.6569
517,31-03-2020,8:30 PM,Maharashtra,216,19.7515,75.7139
518,31-03-2020,8:30 PM,Manipur,1,24.6637,93.9063
519,31-03-2020,8:30 PM,Mizoram,1,23.1645,92.9376
520,31-03-2020,8:30 PM,Odisha,3,20.9517,85.0985
521,31-03-2020,8:30 PM,Puducherry,1,11.9416,79.8083
522,31-03-2020,8:30 PM,Punjab,41,31.1471,75.3415
523,31-03-2020,8:30 PM,Rajasthan,74,27.0238,74.2179
524,31-03-2020,8:30 PM,Tamil Nadu,74,11.1271,78.6569
525,31-03-2020,8:30 PM,Telengana,79,18.1124,79.0193
526,31-03-2020,8:30 PM,Uttarakhand,7,30.0668,79.0193
527,31-03-2020,8:30 PM,Uttar Pradesh,101,26.8467,80.9462
528,31-03-2020,8:30 PM,West Bengal,26,22.9868,87.855
529,31-03-2020,8:30 PM,Unassigned,38,28.7041,77.1025
530,01-04-2020,7:30 PM,Andhra Pradesh,83,15.9129,79.74
531,01-04-2020,7:30 PM,Andaman and Nicobar Islands,10,11.7401,92.6586
532,01-04-2020,7:30 PM,Assam,1,26.2006,92.9376
533,01-04-2020,7:30 PM,Bihar,23,25.0961,85.3131
534,01-04-2020,7:30 PM,Chandigarh,16,30.7333,76.7794
535,01-04-2020,7:30 PM,Chhattisgarh,9,21.2787,81.8661
536,01-04-2020,7:30 PM,Delhi,152,28.7041,77.1025
537,01-04-2020,7:30 PM,Goa,5,15.2993,74.124
538,01-04-2020,7:30 PM,Gujarat,82,22.2587,71.1924
539,01-04-2020,7:30 PM,Haryana,43,29.0588,76.0856
540,01-04-2020,7:30 PM,Himachal Pradesh,3,31.1048,77.1734
541,01-04-2020,7:30 PM,Jammu and Kashmir,62,33.7782,76.5762
542,01-04-2020,7:30 PM,Jharkhand,1,23.6102,85.2799
543,01-04-2020,7:30 PM,Karnataka,101,15.3173,75.7139
544,01-04-2020,7:30 PM,Kerala,241,10.8505,76.2711
545,01-04-2020,7:30 PM,Ladakh,13,34.1525,77.577
546,01-04-2020,7:30 PM,Madhya Pradesh,66,22.9734,78.6569
547,01-04-2020,7:30 PM,Maharashtra,302,19.7515,75.7139
548,01-04-2020,7:30 PM,Manipur,1,24.6637,93.9063
549,01-04-2020,7:30 PM,Mizoram,1,23.1645,92.9376
550,01-04-2020,7:30 PM,Odisha,4,20.9517,85.0985
551,01-04-2020,7:30 PM,Puducherry,3,11.9416,79.8083
552,01-04-2020,7:30 PM,Punjab,42,31.1471,75.3415
553,01-04-2020,7:30 PM,Rajasthan,93,27.0238,74.2179
554,01-04-2020,7:30 PM,Tamil Nadu,234,11.1271,78.6569
555,01-04-2020,7:30 PM,Telengana,96,18.1124,79.0193
556,01-04-2020,7:30 PM,Uttarakhand,7,30.0668,79.0193
557,01-04-2020,7:30 PM,Uttar Pradesh,103,26.8467,80.9462
558,01-04-2020,7:30 PM,West Bengal,37,22.9868,87.855
559,02-04-2020,6:00 PM,Andhra Pradesh,86,15.9129,79.74
560,02-04-2020,6:00 PM,Andaman and Nicobar Islands,10,11.7401,92.6586
561,02-04-2020,6:00 PM,Assam,5,26.2006,92.9376
562,02-04-2020,6:00 PM,Bihar,24,25.0961,85.3131
563,02-04-2020,6:00 PM,Chandigarh,16,30.7333,76.7794
564,02-04-2020,6:00 PM,Chhattisgarh,9,21.2787,81.8661
565,02-04-2020,6:00 PM,Delhi,219,28.7041,77.1025
566,02-04-2020,6:00 PM,Goa,5,15.2993,74.124
567,02-04-2020,6:00 PM,Gujarat,87,22.2587,71.1924
568,02-04-2020,6:00 PM,Haryana,43,29.0588,76.0856
569,02-04-2020,6:00 PM,Himachal Pradesh,3,31.1048,77.1734
570,02-04-2020,6:00 PM,Jammu and Kashmir,62,33.7782,76.5762
571,02-04-2020,6:00 PM,Jharkhand,1,23.6102,85.2799
572,02-04-2020,6:00 PM,Karnataka,110,15.3173,75.7139
573,02-04-2020,6:00 PM,Kerala,265,10.8505,76.2711
574,02-04-2020,6:00 PM,Ladakh,13,34.1525,77.577
575,02-04-2020,6:00 PM,Madhya Pradesh,99,22.9734,78.6569
576,02-04-2020,6:00 PM,Maharashtra,335,19.7515,75.7139
577,02-04-2020,6:00 PM,Manipur,1,24.6637,93.9063
578,02-04-2020,6:00 PM,Mizoram,1,23.1645,92.9376
579,02-04-2020,6:00 PM,Odisha,4,20.9517,85.0985
580,02-04-2020,6:00 PM,Puducherry,3,11.9416,79.8083
581,02-04-2020,6:00 PM,Punjab,46,31.1471,75.3415
582,02-04-2020,6:00 PM,Rajasthan,108,27.0238,74.2179
583,02-04-2020,6:00 PM,Tamil Nadu,234,11.1271,78.6569
584,02-04-2020,6:00 PM,Telengana,107,18.1124,79.0193
585,02-04-2020,6:00 PM,Uttarakhand,7,30.0668,79.0193
586,02-04-2020,6:00 PM,Uttar Pradesh,113,26.8467,80.9462
587,02-04-2020,6:00 PM,West Bengal,53,22.9868,87.855
588,03-04-2020,6:00 PM,Andhra Pradesh,132,15.9129,79.74
589,03-04-2020,6:00 PM,Andaman and Nicobar Islands,10,11.7401,92.6586
590,03-04-2020,6:00 PM,Arunachal Pradesh,1,28.218,94.7278
591,03-04-2020,6:00 PM,Assam,16,26.2006,92.9376
592,03-04-2020,6:00 PM,Bihar,29,25.0961,85.3131
593,03-04-2020,6:00 PM,Chandigarh,18,30.7333,76.7794
594,03-04-2020,6:00 PM,Chhattisgarh,9,21.2787,81.8661
595,03-04-2020,6:00 PM,Delhi,219,28.7041,77.1025
596,03-04-2020,6:00 PM,Goa,6,15.2993,74.124
597,03-04-2020,6:00 PM,Gujarat,95,22.2587,71.1924
598,03-04-2020,6:00 PM,Haryana,49,29.0588,76.0856
599,03-04-2020,6:00 PM,Himachal Pradesh,6,31.1048,77.1734
600,03-04-2020,6:00 PM,Jammu and Kashmir,75,33.7782,76.5762
601,03-04-2020,6:00 PM,Jharkhand,2,23.6102,85.2799
602,03-04-2020,6:00 PM,Karnataka,124,15.3173,75.7139
603,03-04-2020,6:00 PM,Kerala,286,10.8505,76.2711
604,03-04-2020,6:00 PM,Ladakh,14,34.1525,77.577
605,03-04-2020,6:00 PM,Madhya Pradesh,104,22.9734,78.6569
606,03-04-2020,6:00 PM,Maharashtra,335,19.7515,75.7139
607,03-04-2020,6:00 PM,Manipur,2,24.6637,93.9063
608,03-04-2020,6:00 PM,Mizoram,1,23.1645,92.9376
609,03-04-2020,6:00 PM,Odisha,5,20.9517,85.0985
610,03-04-2020,6:00 PM,Puducherry,5,11.9416,79.8083
611,03-04-2020,6:00 PM,Punjab,48,31.1471,75.3415
612,03-04-2020,6:00 PM,Rajasthan,167,27.0238,74.2179
613,03-04-2020,6:00 PM,Tamil Nadu,309,11.1271,78.6569
614,03-04-2020,6:00 PM,Telengana,158,18.1124,79.0193
615,03-04-2020,6:00 PM,Uttarakhand,10,30.0668,79.0193
616,03-04-2020,6:00 PM,Uttar Pradesh,172,26.8467,80.9462
617,03-04-2020,6:00 PM,West Bengal,63,22.9868,87.855
618,03-04-2020,6:00 PM,Unassigned,77,28.7041,77.1025
619,04-04-2020,6:00 PM,Andhra Pradesh,161,15.9129,79.74
620,04-04-2020,6:00 PM,Andaman and Nicobar Islands,10,11.7401,92.6586
621,04-04-2020,6:00 PM,Arunachal Pradesh,1,28.218,94.7278
622,04-04-2020,6:00 PM,Assam,24,26.2006,92.9376
623,04-04-2020,6:00 PM,Bihar,30,25.0961,85.3131
624,04-04-2020,6:00 PM,Chandigarh,18,30.7333,76.7794
625,04-04-2020,6:00 PM,Chhattisgarh,9,21.2787,81.8661
626,04-04-2020,6:00 PM,Delhi,445,28.7041,77.1025
627,04-04-2020,6:00 PM,Goa,7,15.2993,74.124
628,04-04-2020,6:00 PM,Gujarat,105,22.2587,71.1924
629,04-04-2020,6:00 PM,Haryana,49,29.0588,76.0856
630,04-04-2020,6:00 PM,Himachal Pradesh,6,31.1048,77.1734
631,04-04-2020,6:00 PM,Jammu and Kashmir,75,33.7782,76.5762
632,04-04-2020,6:00 PM,Jharkhand,2,23.6102,85.2799
633,04-04-2020,6:00 PM,Karnataka,128,15.3173,75.7139
634,04-04-2020,6:00 PM,Kerala,295,10.8505,76.2711
635,04-04-2020,6:00 PM,Ladakh,14,34.1525,77.577
636,04-04-2020,6:00 PM,Madhya Pradesh,104,22.9734,78.6569
637,04-04-2020,6:00 PM,Maharashtra,490,19.7515,75.7139
638,04-04-2020,6:00 PM,Manipur,2,24.6637,93.9063
639,04-04-2020,6:00 PM,Mizoram,1,23.1645,92.9376
640,04-04-2020,6:00 PM,Odisha,5,20.9517,85.0985
641,04-04-2020,6:00 PM,Puducherry,5,11.9416,79.8083
642,04-04-2020,6:00 PM,Punjab,57,31.1471,75.3415
643,04-04-2020,6:00 PM,Rajasthan,200,27.0238,74.2179
644,04-04-2020,6:00 PM,Tamil Nadu,411,11.1271,78.6569
645,04-04-2020,6:00 PM,Telengana,159,18.1124,79.0193
646,04-04-2020,6:00 PM,Uttarakhand,16,30.0668,79.0193
647,04-04-2020,6:00 PM,Uttar Pradesh,174,26.8467,80.9462
648,04-04-2020,6:00 PM,West Bengal,69,22.9868,87.855
649,05-04-2020,6:00 PM,Andhra Pradesh,190,15.9129,79.74
650,05-04-2020,6:00 PM,Andaman and Nicobar Islands,10,11.7401,92.6586
651,05-04-2020,6:00 PM,Arunachal Pradesh,1,28.218,94.7278
652,05-04-2020,6:00 PM,Assam,26,26.2006,92.9376
653,05-04-2020,6:00 PM,Bihar,30,25.0961,85.3131
654,05-04-2020,6:00 PM,Chandigarh,18,30.7333,76.7794
655,05-04-2020,6:00 PM,Chhattisgarh,9,21.2787,81.8661
656,05-04-2020,6:00 PM,Delhi,503,28.7041,77.1025
657,05-04-2020,6:00 PM,Goa,7,15.2993,74.124
658,05-04-2020,6:00 PM,Gujarat,122,22.2587,71.1924
659,05-04-2020,6:00 PM,Haryana,59,29.0588,76.0856
660,05-04-2020,6:00 PM,Himachal Pradesh,6,31.1048,77.1734
661,05-04-2020,6:00 PM,Jammu and Kashmir,106,33.7782,76.5762
662,05-04-2020,6:00 PM,Jharkhand,3,23.6102,85.2799
663,05-04-2020,6:00 PM,Karnataka,144,15.3173,75.7139
664,05-04-2020,6:00 PM,Kerala,306,10.8505,76.2711
665,05-04-2020,6:00 PM,Ladakh,14,34.1525,77.577
666,05-04-2020,6:00 PM,Madhya Pradesh,165,22.9734,78.6569
667,05-04-2020,6:00 PM,Maharashtra,490,19.7515,75.7139
668,05-04-2020,6:00 PM,Manipur,2,24.6637,93.9063
669,05-04-2020,6:00 PM,Mizoram,1,23.1645,92.9376
670,05-04-2020,6:00 PM,Odisha,20,20.9517,85.0985
671,05-04-2020,6:00 PM,Puducherry,5,11.9416,79.8083
672,05-04-2020,6:00 PM,Punjab,57,31.1471,75.3415
673,05-04-2020,6:00 PM,Rajasthan,200,27.0238,74.2179
674,05-04-2020,6:00 PM,Tamil Nadu,485,11.1271,78.6569
675,05-04-2020,6:00 PM,Telengana,269,18.1124,79.0193
676,05-04-2020,6:00 PM,Uttarakhand,22,30.0668,79.0193
677,05-04-2020,6:00 PM,Uttar Pradesh,227,26.8467,80.9462
678,05-04-2020,6:00 PM,West Bengal,80,22.9868,87.855
679,06-04-2020,6:00 PM,Andhra Pradesh,226,15.9129,79.74
680,06-04-2020,6:00 PM,Andaman and Nicobar Islands,10,11.7401,92.6586
681,06-04-2020,6:00 PM,Arunachal Pradesh,1,28.218,94.7278
682,06-04-2020,6:00 PM,Assam,26,26.2006,92.9376
683,06-04-2020,6:00 PM,Bihar,32,25.0961,85.3131
684,06-04-2020,6:00 PM,Chandigarh,18,30.7333,76.7794
685,06-04-2020,6:00 PM,Chhattisgarh,10,21.2787,81.8661
686,06-04-2020,6:00 PM,Delhi,523,28.7041,77.1025
687,06-04-2020,6:00 PM,Goa,7,15.2993,74.124
688,06-04-2020,6:00 PM,Gujarat,144,22.2587,71.1924
689,06-04-2020,6:00 PM,Haryana,84,29.0588,76.0856
690,06-04-2020,6:00 PM,Himachal Pradesh,13,31.1048,77.1734
691,06-04-2020,6:00 PM,Jammu and Kashmir,109,33.7782,76.5762
692,06-04-2020,6:00 PM,Jharkhand,4,23.6102,85.2799
693,06-04-2020,6:00 PM,Karnataka,151,15.3173,75.7139
694,06-04-2020,6:00 PM,Kerala,314,10.8505,76.2711
695,06-04-2020,6:00 PM,Ladakh,14,34.1525,77.577
696,06-04-2020,6:00 PM,Madhya Pradesh,165,22.9734,78.6569
697,06-04-2020,6:00 PM,Maharashtra,748,19.7515,75.7139
698,06-04-2020,6:00 PM,Manipur,2,24.6637,93.9063
699,06-04-2020,6:00 PM,Mizoram,1,23.1645,92.9376
700,06-04-2020,6:00 PM,Odisha,21,20.9517,85.0985
701,06-04-2020,6:00 PM,Puducherry,5,11.9416,79.8083
702,06-04-2020,6:00 PM,Punjab,76,31.1471,75.3415
703,06-04-2020,6:00 PM,Rajasthan,274,27.0238,74.2179
704,06-04-2020,6:00 PM,Tamil Nadu,571,11.1271,78.6569
705,06-04-2020,6:00 PM,Telengana,321,18.1124,79.0193
706,06-04-2020,6:00 PM,Uttarakhand,26,30.0668,79.0193
707,06-04-2020,6:00 PM,Uttar Pradesh,305,26.8467,80.9462
708,06-04-2020,6:00 PM,West Bengal,80,22.9868,87.855
709,07-04-2020,6:00 PM,Andhra Pradesh,266,15.9129,79.74
710,07-04-2020,6:00 PM,Andaman and Nicobar Islands,10,11.7401,92.6586
711,07-04-2020,6:00 PM,Arunachal Pradesh,1,28.218,94.7278
712,07-04-2020,6:00 PM,Assam,26,26.2006,92.9376
713,07-04-2020,6:00 PM,Bihar,32,25.0961,85.3131
714,07-04-2020,6:00 PM,Chandigarh,18,30.7333,76.7794
715,07-04-2020,6:00 PM,Chhattisgarh,10,21.2787,81.8661
716,07-04-2020,6:00 PM,Delhi,576,28.7041,77.1025
717,07-04-2020,6:00 PM,Goa,7,15.2993,74.124
718,07-04-2020,6:00 PM,Gujarat,165,22.2587,71.1924
719,07-04-2020,6:00 PM,Haryana,90,29.0588,76.0856
720,07-04-2020,6:00 PM,Himachal Pradesh,13,31.1048,77.1734
721,07-04-2020,6:00 PM,Jammu and Kashmir,116,33.7782,76.5762
722,07-04-2020,6:00 PM,Jharkhand,4,23.6102,85.2799
723,07-04-2020,6:00 PM,Karnataka,175,15.3173,75.7139
724,07-04-2020,6:00 PM,Kerala,327,10.8505,76.2711
725,07-04-2020,6:00 PM,Ladakh,14,34.1525,77.577
726,07-04-2020,6:00 PM,Madhya Pradesh,229,22.9734,78.6569
727,07-04-2020,6:00 PM,Maharashtra,868,19.7515,75.7139
728,07-04-2020,6:00 PM,Manipur,2,24.6637,93.9063
729,07-04-2020,6:00 PM,Mizoram,1,23.1645,92.9376
730,07-04-2020,6:00 PM,Odisha,42,20.9517,85.0985
731,07-04-2020,6:00 PM,Puducherry,5,11.9416,79.8083
732,07-04-2020,6:00 PM,Punjab,91,31.1471,75.3415
733,07-04-2020,6:00 PM,Rajasthan,288,27.0238,74.2179
734,07-04-2020,6:00 PM,Tamil Nadu,621,11.1271,78.6569
735,07-04-2020,6:00 PM,Telengana,364,18.1124,79.0193
736,07-04-2020,6:00 PM,Tripura,1,23.9408,91.9882
737,07-04-2020,6:00 PM,Uttarakhand,31,30.0668,79.0193
738,07-04-2020,6:00 PM,Uttar Pradesh,305,26.8467,80.9462
739,07-04-2020,6:00 PM,West Bengal,91,22.9868,87.855
740,08-04-2020,5:00 PM,Andhra Pradesh,305,15.9129,79.74
741,08-04-2020,5:00 PM,Andaman and Nicobar Islands,10,11.7401,92.6586
742,08-04-2020,5:00 PM,Arunachal Pradesh,1,28.218,94.7278
743,08-04-2020,5:00 PM,Assam,27,26.2006,92.9376
744,08-04-2020,5:00 PM,Bihar,38,25.0961,85.3131
745,08-04-2020,5:00 PM,Chandigarh,18,30.7333,76.7794
746,08-04-2020,5:00 PM,Chhattisgarh,10,21.2787,81.8661
747,08-04-2020,5:00 PM,Delhi,576,28.7041,77.1025
748,08-04-2020,5:00 PM,Goa,7,15.2993,74.124
749,08-04-2020,5:00 PM,Gujarat,165,22.2587,71.1924
750,08-04-2020,5:00 PM,Haryana,147,29.0588,76.0856
751,08-04-2020,5:00 PM,Himachal Pradesh,18,31.1048,77.1734
752,08-04-2020,5:00 PM,Jammu and Kashmir,116,33.7782,76.5762
753,08-04-2020,5:00 PM,Jharkhand,4,23.6102,85.2799
754,08-04-2020,5:00 PM,Karnataka,175,15.3173,75.7139
755,08-04-2020,5:00 PM,Kerala,336,10.8505,76.2711
756,08-04-2020,5:00 PM,Ladakh,14,34.1525,77.577
757,08-04-2020,5:00 PM,Madhya Pradesh,229,22.9734,78.6569
758,08-04-2020,5:00 PM,Maharashtra,1018,19.7515,75.7139
759,08-04-2020,5:00 PM,Manipur,2,24.6637,93.9063
760,08-04-2020,5:00 PM,Mizoram,1,23.1645,92.9376
761,08-04-2020,5:00 PM,Odisha,42,20.9517,85.0985
762,08-04-2020,5:00 PM,Puducherry,5,11.9416,79.8083
763,08-04-2020,5:00 PM,Punjab,91,31.1471,75.3415
764,08-04-2020,5:00 PM,Rajasthan,328,27.0238,74.2179
765,08-04-2020,5:00 PM,Tamil Nadu,690,11.1271,78.6569
766,08-04-2020,5:00 PM,Telengana,427,18.1124,79.0193
767,08-04-2020,5:00 PM,Tripura,1,23.9408,91.9882
768,08-04-2020,5:00 PM,Uttarakhand,31,30.0668,79.0193
769,08-04-2020,5:00 PM,Uttar Pradesh,343,26.8467,80.9462
770,08-04-2020,5:00 PM,West Bengal,99,22.9868,87.855
771,09-04-2020,5:00 PM,Andhra Pradesh,348,15.9129,79.74
772,09-04-2020,5:00 PM,Andaman and Nicobar Islands,11,11.7401,92.6586
773,09-04-2020,5:00 PM,Arunachal Pradesh,1,28.218,94.7278
774,09-04-2020,5:00 PM,Assam,28,26.2006,92.9376
775,09-04-2020,5:00 PM,Bihar,39,25.0961,85.3131
776,09-04-2020,5:00 PM,Chandigarh,18,30.7333,76.7794
777,09-04-2020,5:00 PM,Chhattisgarh,10,21.2787,81.8661
778,09-04-2020,5:00 PM,Delhi,669,28.7041,77.1025
779,09-04-2020,5:00 PM,Goa,7,15.2993,74.124
780,09-04-2020,5:00 PM,Gujarat,179,22.2587,71.1924
781,09-04-2020,5:00 PM,Haryana,169,29.0588,76.0856
782,09-04-2020,5:00 PM,Himachal Pradesh,18,31.1048,77.1734
783,09-04-2020,5:00 PM,Jammu and Kashmir,158,33.7782,76.5762
784,09-04-2020,5:00 PM,Jharkhand,13,23.6102,85.2799
785,09-04-2020,5:00 PM,Karnataka,181,15.3173,75.7139
786,09-04-2020,5:00 PM,Kerala,345,10.8505,76.2711
787,09-04-2020,5:00 PM,Ladakh,14,34.1525,77.577
788,09-04-2020,5:00 PM,Madhya Pradesh,259,22.9734,78.6569
789,09-04-2020,5:00 PM,Maharashtra,1135,19.7515,75.7139
790,09-04-2020,5:00 PM,Manipur,2,24.6637,93.9063
791,09-04-2020,5:00 PM,Mizoram,1,23.1645,92.9376
792,09-04-2020,5:00 PM,Odisha,42,20.9517,85.0985
793,09-04-2020,5:00 PM,Puducherry,5,11.9416,79.8083
794,09-04-2020,5:00 PM,Punjab,101,31.1471,75.3415
795,09-04-2020,5:00 PM,Rajasthan,383,27.0238,74.2179
796,09-04-2020,5:00 PM,Tamil Nadu,738,11.1271,78.6569
797,09-04-2020,5:00 PM,Telengana,442,18.1124,79.0193
798,09-04-2020,5:00 PM,Tripura,1,23.9408,91.9882
799,09-04-2020,5:00 PM,Uttarakhand,35,30.0668,79.0193
800,09-04-2020,5:00 PM,Uttar Pradesh,410,26.8467,80.9462
801,09-04-2020,5:00 PM,West Bengal,103,22.9868,87.855
802,10-04-2020,5:00 PM,Andhra Pradesh,363,15.9129,79.74
803,10-04-2020,5:00 PM,Andaman and Nicobar Islands,11,11.7401,92.6586
804,10-04-2020,5:00 PM,Arunachal Pradesh,1,28.218,94.7278
805,10-04-2020,5:00 PM,Assam,29,26.2006,92.9376
806,10-04-2020,5:00 PM,Bihar,60,25.0961,85.3131
807,10-04-2020,5:00 PM,Chandigarh,18,30.7333,76.7794
808,10-04-2020,5:00 PM,Chhattisgarh,10,21.2787,81.8661
809,10-04-2020,5:00 PM,Delhi,898,28.7041,77.1025
810,10-04-2020,5:00 PM,Goa,7,15.2993,74.124
811,10-04-2020,5:00 PM,Gujarat,241,22.2587,71.1924
812,10-04-2020,5:00 PM,Haryana,169,29.0588,76.0856
813,10-04-2020,5:00 PM,Himachal Pradesh,28,31.1048,77.1734
814,10-04-2020,5:00 PM,Jammu and Kashmir,184,33.7782,76.5762
815,10-04-2020,5:00 PM,Jharkhand,13,23.6102,85.2799
816,10-04-2020,5:00 PM,Karnataka,197,15.3173,75.7139
817,10-04-2020,5:00 PM,Kerala,357,10.8505,76.2711
818,10-04-2020,5:00 PM,Ladakh,15,34.1525,77.577
819,10-04-2020,5:00 PM,Madhya Pradesh,259,22.9734,78.6569
820,10-04-2020,5:00 PM,Maharashtra,1364,19.7515,75.7139
821,10-04-2020,5:00 PM,Manipur,2,24.6637,93.9063
822,10-04-2020,5:00 PM,Mizoram,1,23.1645,92.9376
823,10-04-2020,5:00 PM,Odisha,44,20.9517,85.0985
824,10-04-2020,5:00 PM,Puducherry,5,11.9416,79.8083
825,10-04-2020,5:00 PM,Punjab,132,31.1471,75.3415
826,10-04-2020,5:00 PM,Rajasthan,463,27.0238,74.2179
827,10-04-2020,5:00 PM,Tamil Nadu,834,11.1271,78.6569
828,10-04-2020,5:00 PM,Telengana,473,18.1124,79.0193
829,10-04-2020,5:00 PM,Tripura,1,23.9408,91.9882
830,10-04-2020,5:00 PM,Uttarakhand,35,30.0668,79.0193
831,10-04-2020,5:00 PM,Uttar Pradesh,431,26.8467,80.9462
832,10-04-2020,5:00 PM,West Bengal,116,22.9868,87.855
833,11-04-2020,5:00 PM,Andhra Pradesh,381,15.9129,79.74
834,11-04-2020,5:00 PM,Andaman and Nicobar Islands,11,11.7401,92.6586
835,11-04-2020,5:00 PM,Arunachal Pradesh,1,28.218,94.7278
836,11-04-2020,5:00 PM,Assam,29,26.2006,92.9376
837,11-04-2020,5:00 PM,Bihar,60,25.0961,85.3131
838,11-04-2020,5:00 PM,Chandigarh,18,30.7333,76.7794
839,11-04-2020,5:00 PM,Chhattisgarh,18,21.2787,81.8661
840,11-04-2020,5:00 PM,Delhi,903,28.7041,77.1025
841,11-04-2020,5:00 PM,Goa,7,15.2993,74.124
842,11-04-2020,5:00 PM,Gujarat,308,22.2587,71.1924
843,11-04-2020,5:00 PM,Haryana,177,29.0588,76.0856
844,11-04-2020,5:00 PM,Himachal Pradesh,28,31.1048,77.1734
845,11-04-2020,5:00 PM,Jammu and Kashmir,207,33.7782,76.5762
846,11-04-2020,5:00 PM,Jharkhand,17,23.6102,85.2799
847,11-04-2020,5:00 PM,Karnataka,214,15.3173,75.7139
848,11-04-2020,5:00 PM,Kerala,364,10.8505,76.2711
849,11-04-2020,5:00 PM,Ladakh,15,34.1525,77.577
850,11-04-2020,5:00 PM,Madhya Pradesh,443,22.9734,78.6569
851,11-04-2020,5:00 PM,Maharashtra,1574,19.7515,75.7139
852,11-04-2020,5:00 PM,Manipur,2,24.6637,93.9063
853,11-04-2020,5:00 PM,Mizoram,1,23.1645,92.9376
854,11-04-2020,5:00 PM,Odisha,48,20.9517,85.0985
855,11-04-2020,5:00 PM,Puducherry,7,11.9416,79.8083
856,11-04-2020,5:00 PM,Punjab,132,31.1471,75.3415
857,11-04-2020,5:00 PM,Rajasthan,553,27.0238,74.2179
858,11-04-2020,5:00 PM,Tamil Nadu,911,11.1271,78.6569
859,11-04-2020,5:00 PM,Telengana,504,18.1124,79.0193
860,11-04-2020,5:00 PM,Tripura,2,23.9408,91.9882
861,11-04-2020,5:00 PM,Uttarakhand,35,30.0668,79.0193
862,11-04-2020,5:00 PM,Uttar Pradesh,433,26.8467,80.9462
863,11-04-2020,5:00 PM,West Bengal,126,22.9868,87.855
864,12-04-2020,5:00 PM,Andhra Pradesh,381,15.9129,79.74
865,12-04-2020,5:00 PM,Andaman and Nicobar Islands,11,11.7401,92.6586
866,12-04-2020,5:00 PM,Arunachal Pradesh,1,28.218,94.7278
867,12-04-2020,5:00 PM,Assam,29,26.2006,92.9376
868,12-04-2020,5:00 PM,Bihar,64,25.0961,85.3131
869,12-04-2020,5:00 PM,Chandigarh,19,30.7333,76.7794
870,12-04-2020,5:00 PM,Chhattisgarh,25,21.2787,81.8661
871,12-04-2020,5:00 PM,Delhi,1069,28.7041,77.1025
872,12-04-2020,5:00 PM,Goa,7,15.2993,74.124
873,12-04-2020,5:00 PM,Gujarat,432,22.2587,71.1924
874,12-04-2020,5:00 PM,Haryana,185,29.0588,76.0856
875,12-04-2020,5:00 PM,Himachal Pradesh,32,31.1048,77.1734
876,12-04-2020,5:00 PM,Jammu and Kashmir,224,33.7782,76.5762
877,12-04-2020,5:00 PM,Jharkhand,17,23.6102,85.2799
878,12-04-2020,5:00 PM,Karnataka,226,15.3173,75.7139
879,12-04-2020,5:00 PM,Kerala,374,10.8505,76.2711
880,12-04-2020,5:00 PM,Ladakh,15,34.1525,77.577
881,12-04-2020,5:00 PM,Madhya Pradesh,564,22.9734,78.6569
882,12-04-2020,5:00 PM,Maharashtra,1761,19.7515,75.7139
883,12-04-2020,5:00 PM,Manipur,2,24.6637,93.9063
884,12-04-2020,5:00 PM,Mizoram,1,23.1645,92.9376
885,12-04-2020,5:00 PM,Odisha,54,20.9517,85.0985
886,12-04-2020,5:00 PM,Puducherry,7,11.9416,79.8083
887,12-04-2020,5:00 PM,Punjab,151,31.1471,75.3415
888,12-04-2020,5:00 PM,Rajasthan,700,27.0238,74.2179
889,12-04-2020,5:00 PM,Tamil Nadu,969,11.1271,78.6569
890,12-04-2020,5:00 PM,Telengana,504,18.1124,79.0193
891,12-04-2020,5:00 PM,Tripura,2,23.9408,91.9882
892,12-04-2020,5:00 PM,Uttarakhand,35,30.0668,79.0193
893,12-04-2020,5:00 PM,Uttar Pradesh,452,26.8467,80.9462
894,12-04-2020,5:00 PM,West Bengal,134,22.9868,87.855
895,13-04-2020,5:00 PM,Andhra Pradesh,432,15.9129,79.74
896,13-04-2020,5:00 PM,Andaman and Nicobar Islands,11,11.7401,92.6586
897,13-04-2020,5:00 PM,Arunachal Pradesh,1,28.218,94.7278
898,13-04-2020,5:00 PM,Assam,31,26.2006,92.9376
899,13-04-2020,5:00 PM,Bihar,64,25.0961,85.3131
900,13-04-2020,5:00 PM,Chandigarh,21,30.7333,76.7794
901,13-04-2020,5:00 PM,Chhattisgarh,31,21.2787,81.8661
902,13-04-2020,5:00 PM,Delhi,1154,28.7041,77.1025
903,13-04-2020,5:00 PM,Goa,7,15.2993,74.124
904,13-04-2020,5:00 PM,Gujarat,539,22.2587,71.1924
905,13-04-2020,5:00 PM,Haryana,185,29.0588,76.0856
906,13-04-2020,5:00 PM,Himachal Pradesh,32,31.1048,77.1734
907,13-04-2020,5:00 PM,Jammu and Kashmir,245,33.7782,76.5762
908,13-04-2020,5:00 PM,Jharkhand,19,23.6102,85.2799
909,13-04-2020,5:00 PM,Karnataka,247,15.3173,75.7139
910,13-04-2020,5:00 PM,Kerala,376,10.8505,76.2711
911,13-04-2020,5:00 PM,Ladakh,15,34.1525,77.577
912,13-04-2020,5:00 PM,Madhya Pradesh,604,22.9734,78.6569
913,13-04-2020,5:00 PM,Maharashtra,1985,19.7515,75.7139
914,13-04-2020,5:00 PM,Manipur,2,24.6637,93.9063
915,13-04-2020,5:00 PM,Mizoram,1,23.1645,92.9376
916,13-04-2020,5:00 PM,Nagaland,1,26.1584,94.5624
917,13-04-2020,5:00 PM,Odisha,54,20.9517,85.0985
918,13-04-2020,5:00 PM,Puducherry,7,11.9416,79.8083
919,13-04-2020,5:00 PM,Punjab,167,31.1471,75.3415
920,13-04-2020,5:00 PM,Rajasthan,812,27.0238,74.2179
921,13-04-2020,5:00 PM,Tamil Nadu,1075,11.1271,78.6569
922,13-04-2020,5:00 PM,Telengana,562,18.1124,79.0193
923,13-04-2020,5:00 PM,Tripura,2,23.9408,91.9882
924,13-04-2020,5:00 PM,Uttarakhand,35,30.0668,79.0193
925,13-04-2020,5:00 PM,Uttar Pradesh,483,26.8467,80.9462
926,13-04-2020,5:00 PM,West Bengal,152,22.9868,87.855
927,14-04-2020,5:00 PM,Andhra Pradesh,473,15.9129,79.74
928,14-04-2020,5:00 PM,Andaman and Nicobar Islands,11,11.7401,92.6586
929,14-04-2020,5:00 PM,Arunachal Pradesh,1,28.218,94.7278
930,14-04-2020,5:00 PM,Assam,31,26.2006,92.9376
931,14-04-2020,5:00 PM,Bihar,66,25.0961,85.3131
932,14-04-2020,5:00 PM,Chandigarh,21,30.7333,76.7794
933,14-04-2020,5:00 PM,Chhattisgarh,31,21.2787,81.8661
934,14-04-2020,5:00 PM,Delhi,1510,28.7041,77.1025
935,14-04-2020,5:00 PM,Goa,7,15.2993,74.124
936,14-04-2020,5:00 PM,Gujarat,617,22.2587,71.1924
937,14-04-2020,5:00 PM,Haryana,199,29.0588,76.0856
938,14-04-2020,5:00 PM,Himachal Pradesh,32,31.1048,77.1734
939,14-04-2020,5:00 PM,Jammu and Kashmir,270,33.7782,76.5762
940,14-04-2020,5:00 PM,Jharkhand,24,23.6102,85.2799
941,14-04-2020,5:00 PM,Karnataka,258,15.3173,75.7139
942,14-04-2020,5:00 PM,Kerala,379,10.8505,76.2711
943,14-04-2020,5:00 PM,Ladakh,15,34.1525,77.577
944,14-04-2020,5:00 PM,Madhya Pradesh,730,22.9734,78.6569
945,14-04-2020,5:00 PM,Maharashtra,2337,19.7515,75.7139
946,14-04-2020,5:00 PM,Manipur,2,24.6637,93.9063
947,14-04-2020,5:00 PM,Meghalaya,1,25.467,91.3662
948,14-04-2020,5:00 PM,Mizoram,1,23.1645,92.9376
949,14-04-2020,5:00 PM,Nagaland,1,26.1584,94.5624
950,14-04-2020,5:00 PM,Odisha,55,20.9517,85.0985
951,14-04-2020,5:00 PM,Puducherry,7,11.9416,79.8083
952,14-04-2020,5:00 PM,Punjab,176,31.1471,75.3415
953,14-04-2020,5:00 PM,Rajasthan,879,27.0238,74.2179
954,14-04-2020,5:00 PM,Tamil Nadu,1173,11.1271,78.6569
955,14-04-2020,5:00 PM,Telengana,624,18.1124,79.0193
956,14-04-2020,5:00 PM,Tripura,2,23.9408,91.9882
957,14-04-2020,5:00 PM,Uttarakhand,35,30.0668,79.0193
958,14-04-2020,5:00 PM,Uttar Pradesh,657,26.8467,80.9462
959,14-04-2020,5:00 PM,West Bengal,190,22.9868,87.855
960,15-04-2020,5:00 PM,Andaman and Nicobar Islands,11,11.7401,92.6586
961,15-04-2020,5:00 PM,Andhra Pradesh,503,15.9129,79.74
962,15-04-2020,5:00 PM,Arunachal Pradesh,1,28.218,94.7278
963,15-04-2020,5:00 PM,Assam,33,26.2006,92.9376
964,15-04-2020,5:00 PM,Bihar,70,25.0961,85.3131
965,15-04-2020,5:00 PM,Chandigarh,21,30.7333,76.7794
966,15-04-2020,5:00 PM,Chhattisgarh,33,21.2787,81.8661
967,15-04-2020,5:00 PM,Delhi,1561,28.7041,77.1025
968,15-04-2020,5:00 PM,Goa,7,15.2993,74.124
969,15-04-2020,5:00 PM,Gujarat,695,22.2587,71.1924
970,15-04-2020,5:00 PM,Haryana,199,29.0588,76.0856
971,15-04-2020,5:00 PM,Himachal Pradesh,33,31.1048,77.1734
972,15-04-2020,5:00 PM,Jammu and Kashmir,278,33.7782,76.5762
973,15-04-2020,5:00 PM,Jharkhand,27,23.6102,85.2799
974,15-04-2020,5:00 PM,Karnataka,277,15.3173,75.7139
975,15-04-2020,5:00 PM,Kerala,387,10.8505,76.2711
976,15-04-2020,5:00 PM,Ladakh,17,34.1525,77.577
977,15-04-2020,5:00 PM,Madhya Pradesh,987,22.9734,78.6569
978,15-04-2020,5:00 PM,Maharashtra,2687,19.7515,75.7139
979,15-04-2020,5:00 PM,Manipur,2,24.6637,93.9063
980,15-04-2020,5:00 PM,Meghalaya,7,25.467,91.3662
981,15-04-2020,5:00 PM,Mizoram,1,23.1645,92.9376
982,15-04-2020,5:00 PM,Nagaland,0,26.1584,94.5624
983,15-04-2020,5:00 PM,Odisha,60,20.9517,85.0985
984,15-04-2020,5:00 PM,Puducherry,7,11.9416,79.8083
985,15-04-2020,5:00 PM,Punjab,186,31.1471,75.3415
986,15-04-2020,5:00 PM,Rajasthan,1005,27.0238,74.2179
987,15-04-2020,5:00 PM,Tamil Nadu,1204,11.1271,78.6569
988,15-04-2020,5:00 PM,Telengana,647,18.1124,79.0193
989,15-04-2020,5:00 PM,Tripura,2,23.9408,91.9882
990,15-04-2020,5:00 PM,Uttarakhand,37,30.0668,79.0193
991,15-04-2020,5:00 PM,Uttar Pradesh,735,26.8467,80.9462
992,15-04-2020,5:00 PM,West Bengal,213,22.9868,87.855
993,16-04-2020,5:00 PM,Andaman and Nicobar Islands,11,11.7401,92.6586
994,16-04-2020,5:00 PM,Andhra Pradesh,534,15.9129,79.74
995,16-04-2020,5:00 PM,Arunachal Pradesh,1,28.218,94.7278
996,16-04-2020,5:00 PM,Assam,33,26.2006,92.9376
997,16-04-2020,5:00 PM,Bihar,74,25.0961,85.3131
998,16-04-2020,5:00 PM,Chandigarh,21,30.7333,76.7794
999,16-04-2020,5:00 PM,Chhattisgarh,33,21.2787,81.8661
1000,16-04-2020,5:00 PM,Delhi,1578,28.7041,77.1025
1001,16-04-2020,5:00 PM,Goa,7,15.2993,74.124
1002,16-04-2020,5:00 PM,Gujarat,871,22.2587,71.1924
1003,16-04-2020,5:00 PM,Haryana,205,29.0588,76.0856
1004,16-04-2020,5:00 PM,Himachal Pradesh,35,31.1048,77.1734
1005,16-04-2020,5:00 PM,Jammu and Kashmir,300,33.7782,76.5762
1006,16-04-2020,5:00 PM,Jharkhand,28,23.6102,85.2799
1007,16-04-2020,5:00 PM,Karnataka,315,15.3173,75.7139
1008,16-04-2020,5:00 PM,Kerala,388,10.8505,76.2711
1009,16-04-2020,5:00 PM,Ladakh,17,34.1525,77.577
1010,16-04-2020,5:00 PM,Madhya Pradesh,1120,22.9734,78.6569
1011,16-04-2020,5:00 PM,Maharashtra,2919,19.7515,75.7139
1012,16-04-2020,5:00 PM,Manipur,2,24.6637,93.9063
1013,16-04-2020,5:00 PM,Meghalaya,7,25.467,91.3662
1014,16-04-2020,5:00 PM,Mizoram,1,23.1645,92.9376
1015,16-04-2020,5:00 PM,Nagaland,0,26.1584,94.5624
1016,16-04-2020,5:00 PM,Odisha,60,20.9517,85.0985
1017,16-04-2020,5:00 PM,Puducherry,7,11.9416,79.8083
1018,16-04-2020,5:00 PM,Punjab,186,31.1471,75.3415
1019,16-04-2020,5:00 PM,Rajasthan,1023,27.0238,74.2179
1020,16-04-2020,5:00 PM,Tamil Nadu,1242,11.1271,78.6569
1021,16-04-2020,5:00 PM,Telengana,698,18.1124,79.0193
1022,16-04-2020,5:00 PM,Tripura,2,23.9408,91.9882
1023,16-04-2020,5:00 PM,Uttarakhand,37,30.0668,79.0193
1024,16-04-2020,5:00 PM,Uttar Pradesh,773,26.8467,80.9462
1025,16-04-2020,5:00 PM,West Bengal,231,22.9868,87.855
1026,17-04-2020,5:00 PM,Andaman and Nicobar Islands,11,11.7401,92.6586
1027,17-04-2020,5:00 PM,Andhra Pradesh,572,15.9129,79.74
1028,17-04-2020,5:00 PM,Arunachal Pradesh,1,28.218,94.7278
1029,17-04-2020,5:00 PM,Assam,35,26.2006,92.9376
1030,17-04-2020,5:00 PM,Bihar,83,25.0961,85.3131
1031,17-04-2020,5:00 PM,Chandigarh,21,30.7333,76.7794
1032,17-04-2020,5:00 PM,Chhattisgarh,36,21.2787,81.8661
1033,17-04-2020,5:00 PM,Delhi,1640,28.7041,77.1025
1034,17-04-2020,5:00 PM,Goa,7,15.2993,74.124
1035,17-04-2020,5:00 PM,Gujarat,1021,22.2587,71.1924
1036,17-04-2020,5:00 PM,Haryana,205,29.0588,76.0856
1037,17-04-2020,5:00 PM,Himachal Pradesh,35,31.1048,77.1734
1038,17-04-2020,5:00 PM,Jammu and Kashmir,314,33.7782,76.5762
1039,17-04-2020,5:00 PM,Jharkhand,29,23.6102,85.2799
1040,17-04-2020,5:00 PM,Karnataka,353,15.3173,75.7139
1041,17-04-2020,5:00 PM,Kerala,395,10.8505,76.2711
1042,17-04-2020,5:00 PM,Ladakh,18,34.1525,77.577
1043,17-04-2020,5:00 PM,Madhya Pradesh,1308,22.9734,78.6569
1044,17-04-2020,5:00 PM,Maharashtra,3205,19.7515,75.7139
1045,17-04-2020,5:00 PM,Manipur,2,24.6637,93.9063
1046,17-04-2020,5:00 PM,Meghalaya,9,25.467,91.3662
1047,17-04-2020,5:00 PM,Mizoram,1,23.1645,92.9376
1048,17-04-2020,5:00 PM,Nagaland,0,26.1584,94.5624
1049,17-04-2020,5:00 PM,Odisha,60,20.9517,85.0985
1050,17-04-2020,5:00 PM,Puducherry,7,11.9416,79.8083
1051,17-04-2020,5:00 PM,Punjab,186,31.1471,75.3415
1052,17-04-2020,5:00 PM,Rajasthan,1131,27.0238,74.2179
1053,17-04-2020,5:00 PM,Tamil Nadu,1267,11.1271,78.6569
1054,17-04-2020,5:00 PM,Telengana,743,18.1124,79.0193
1055,17-04-2020,5:00 PM,Tripura,2,23.9408,91.9882
1056,17-04-2020,5:00 PM,Uttarakhand,37,30.0668,79.0193
1057,17-04-2020,5:00 PM,Uttar Pradesh,846,26.8467,80.9462
1058,17-04-2020,5:00 PM,West Bengal,255,22.9868,87.855
1059,18-04-2020,5:00 PM,Andaman and Nicobar Islands,12,11.7401,92.6586
1060,18-04-2020,5:00 PM,Andhra Pradesh,603,15.9129,79.74
1061,18-04-2020,5:00 PM,Arunachal Pradesh,1,28.218,94.7278
1062,18-04-2020,5:00 PM,Assam,35,26.2006,92.9376
1063,18-04-2020,5:00 PM,Bihar,85,25.0961,85.3131
1064,18-04-2020,5:00 PM,Chandigarh,21,30.7333,76.7794
1065,18-04-2020,5:00 PM,Chhattisgarh,36,21.2787,81.8661
1066,18-04-2020,5:00 PM,Delhi,1707,28.7041,77.1025
1067,18-04-2020,5:00 PM,Goa,7,15.2993,74.124
1068,18-04-2020,5:00 PM,Gujarat,1272,22.2587,71.1924
1069,18-04-2020,5:00 PM,Haryana,225,29.0588,76.0856
1070,18-04-2020,5:00 PM,Himachal Pradesh,38,31.1048,77.1734
1071,18-04-2020,5:00 PM,Jammu and Kashmir,328,33.7782,76.5762
1072,18-04-2020,5:00 PM,Jharkhand,33,23.6102,85.2799
1073,18-04-2020,5:00 PM,Karnataka,371,15.3173,75.7139
1074,18-04-2020,5:00 PM,Kerala,396,10.8505,76.2711
1075,18-04-2020,5:00 PM,Ladakh,18,34.1525,77.577
1076,18-04-2020,5:00 PM,Madhya Pradesh,1355,22.9734,78.6569
1077,18-04-2020,5:00 PM,Maharashtra,3323,19.7515,75.7139
1078,18-04-2020,5:00 PM,Manipur,2,24.6637,93.9063
1079,18-04-2020,5:00 PM,Meghalaya,11,25.467,91.3662
1080,18-04-2020,5:00 PM,Mizoram,1,23.1645,92.9376
1081,18-04-2020,5:00 PM,Nagaland,0,26.1584,94.5624
1082,18-04-2020,5:00 PM,Odisha,60,20.9517,85.0985
1083,18-04-2020,5:00 PM,Puducherry,7,11.9416,79.8083
1084,18-04-2020,5:00 PM,Punjab,202,31.1471,75.3415
1085,18-04-2020,5:00 PM,Rajasthan,1229,27.0238,74.2179
1086,18-04-2020,5:00 PM,Tamil Nadu,1323,11.1271,78.6569
1087,18-04-2020,5:00 PM,Telengana,791,18.1124,79.0193
1088,18-04-2020,5:00 PM,Tripura,2,23.9408,91.9882
1089,18-04-2020,5:00 PM,Uttarakhand,42,30.0668,79.0193
1090,18-04-2020,5:00 PM,Uttar Pradesh,969,26.8467,80.9462
1091,18-04-2020,5:00 PM,West Bengal,287,22.9868,87.855
1092,19-04-2020,5:00 PM,Andaman and Nicobar Islands,14,11.7401,92.6586
1093,19-04-2020,5:00 PM,Andhra Pradesh,603,15.9129,79.74
1094,19-04-2020,5:00 PM,Arunachal Pradesh,1,28.218,94.7278
1095,19-04-2020,5:00 PM,Assam,35,26.2006,92.9376
1096,19-04-2020,5:00 PM,Bihar,86,25.0961,85.3131
1097,19-04-2020,5:00 PM,Chandigarh,23,30.7333,76.7794
1098,19-04-2020,5:00 PM,Chhattisgarh,36,21.2787,81.8661
1099,19-04-2020,5:00 PM,Delhi,1893,28.7041,77.1025
1100,19-04-2020,5:00 PM,Goa,7,15.2993,74.124
1101,19-04-2020,5:00 PM,Gujarat,1604,22.2587,71.1924
1102,19-04-2020,5:00 PM,Haryana,233,29.0588,76.0856
1103,19-04-2020,5:00 PM,Himachal Pradesh,39,31.1048,77.1734
1104,19-04-2020,5:00 PM,Jammu and Kashmir,341,33.7782,76.5762
1105,19-04-2020,5:00 PM,Jharkhand,35,23.6102,85.2799
1106,19-04-2020,5:00 PM,Karnataka,384,15.3173,75.7139
1107,19-04-2020,5:00 PM,Kerala,400,10.8505,76.2711
1108,19-04-2020,5:00 PM,Ladakh,18,34.1525,77.577
1109,19-04-2020,5:00 PM,Madhya Pradesh,1407,22.9734,78.6569
1110,19-04-2020,5:00 PM,Maharashtra,3651,19.7515,75.7139
1111,19-04-2020,5:00 PM,Manipur,2,24.6637,93.9063
1112,19-04-2020,5:00 PM,Meghalaya,11,25.467,91.3662
1113,19-04-2020,5:00 PM,Mizoram,1,23.1645,92.9376
1114,19-04-2020,5:00 PM,Nagaland,0,26.1584,94.5624
1115,19-04-2020,5:00 PM,Odisha,61,20.9517,85.0985
1116,19-04-2020,5:00 PM,Puducherry,7,11.9416,79.8083
1117,19-04-2020,5:00 PM,Punjab,219,31.1471,75.3415
1118,19-04-2020,5:00 PM,Rajasthan,1351,27.0238,74.2179
1119,19-04-2020,5:00 PM,Tamil Nadu,1372,11.1271,78.6569
1120,19-04-2020,5:00 PM,Telengana,844,18.1124,79.0193
1121,19-04-2020,5:00 PM,Tripura,2,23.9408,91.9882
1122,19-04-2020,5:00 PM,Uttarakhand,42,30.0668,79.0193
1123,19-04-2020,5:00 PM,Uttar Pradesh,1084,26.8467,80.9462
1124,19-04-2020,5:00 PM,West Bengal,310,22.9868,87.855
1125,20-04-2020,5:00 PM,Andaman and Nicobar Islands,15,11.7401,92.6586
1126,20-04-2020,5:00 PM,Andhra Pradesh,722,15.9129,79.74
1127,20-04-2020,5:00 PM,Arunachal Pradesh,1,28.218,94.7278
1128,20-04-2020,5:00 PM,Assam,35,26.2006,92.9376
1129,20-04-2020,5:00 PM,Bihar,96,25.0961,85.3131
1130,20-04-2020,5:00 PM,Chandigarh,26,30.7333,76.7794
1131,20-04-2020,5:00 PM,Chhattisgarh,36,21.2787,81.8661
1132,20-04-2020,5:00 PM,Delhi,2003,28.7041,77.1025
1133,20-04-2020,5:00 PM,Goa,7,15.2993,74.124
1134,20-04-2020,5:00 PM,Gujarat,1851,22.2587,71.1924
1135,20-04-2020,5:00 PM,Haryana,233,29.0588,76.0856
1136,20-04-2020,5:00 PM,Himachal Pradesh,39,31.1048,77.1734
1137,20-04-2020,5:00 PM,Jammu and Kashmir,350,33.7782,76.5762
1138,20-04-2020,5:00 PM,Jharkhand,42,23.6102,85.2799
1139,20-04-2020,5:00 PM,Karnataka,395,15.3173,75.7139
1140,20-04-2020,5:00 PM,Kerala,402,10.8505,76.2711
1141,20-04-2020,5:00 PM,Ladakh,18,34.1525,77.577
1142,20-04-2020,5:00 PM,Madhya Pradesh,1485,22.9734,78.6569
1143,20-04-2020,5:00 PM,Maharashtra,4203,19.7515,75.7139
1144,20-04-2020,5:00 PM,Manipur,2,24.6637,93.9063
1145,20-04-2020,5:00 PM,Meghalaya,11,25.467,91.3662
1146,20-04-2020,5:00 PM,Mizoram,1,23.1645,92.9376
1147,20-04-2020,5:00 PM,Nagaland,0,26.1584,94.5624
1148,20-04-2020,5:00 PM,Odisha,68,20.9517,85.0985
1149,20-04-2020,5:00 PM,Puducherry,7,11.9416,79.8083
1150,20-04-2020,5:00 PM,Punjab,219,31.1471,75.3415
1151,20-04-2020,5:00 PM,Rajasthan,1478,27.0238,74.2179
1152,20-04-2020,5:00 PM,Tamil Nadu,1477,11.1271,78.6569
1153,20-04-2020,5:00 PM,Telengana,873,18.1124,79.0193
1154,20-04-2020,5:00 PM,Tripura,2,23.9408,91.9882
1155,20-04-2020,5:00 PM,Uttarakhand,44,30.0668,79.0193
1156,20-04-2020,5:00 PM,Uttar Pradesh,1176,26.8467,80.9462
1157,20-04-2020,5:00 PM,West Bengal,339,22.9868,87.855
1158,21-04-2020,5:00 PM,Andaman and Nicobar Islands,16,11.7401,92.6586
1159,21-04-2020,5:00 PM,Andhra Pradesh,757,15.9129,79.74
1160,21-04-2020,5:00 PM,Arunachal Pradesh,1,28.218,94.7278
1161,21-04-2020,5:00 PM,Assam,35,26.2006,92.9376
1162,21-04-2020,5:00 PM,Bihar,114,25.0961,85.3131
1163,21-04-2020,5:00 PM,Chandigarh,26,30.7333,76.7794
1164,21-04-2020,5:00 PM,Chhattisgarh,36,21.2787,81.8661
1165,21-04-2020,5:00 PM,Delhi,2081,28.7041,77.1025
1166,21-04-2020,5:00 PM,Goa,7,15.2993,74.124
1167,21-04-2020,5:00 PM,Gujarat,2066,22.2587,71.1924
1168,21-04-2020,5:00 PM,Haryana,254,29.0588,76.0856
1169,21-04-2020,5:00 PM,Himachal Pradesh,39,31.1048,77.1734
1170,21-04-2020,5:00 PM,Jammu and Kashmir,368,33.7782,76.5762
1171,21-04-2020,5:00 PM,Jharkhand,46,23.6102,85.2799
1172,21-04-2020,5:00 PM,Karnataka,415,15.3173,75.7139
1173,21-04-2020,5:00 PM,Kerala,408,10.8505,76.2711
1174,21-04-2020,5:00 PM,Ladakh,18,34.1525,77.577
1175,21-04-2020,5:00 PM,Madhya Pradesh,1540,22.9734,78.6569
1176,21-04-2020,5:00 PM,Maharashtra,4669,19.7515,75.7139
1177,21-04-2020,5:00 PM,Manipur,2,24.6637,93.9063
1178,21-04-2020,5:00 PM,Meghalaya,11,25.467,91.3662
1179,21-04-2020,5:00 PM,Mizoram,1,23.1645,92.9376
1180,21-04-2020,5:00 PM,Nagaland,0,26.1584,94.5624
1181,21-04-2020,5:00 PM,Odisha,74,20.9517,85.0985
1182,21-04-2020,5:00 PM,Puducherry,7,11.9416,79.8083
1183,21-04-2020,5:00 PM,Punjab,245,31.1471,75.3415
1184,21-04-2020,5:00 PM,Rajasthan,1576,27.0238,74.2179
1185,21-04-2020,5:00 PM,Tamil Nadu,1520,11.1271,78.6569
1186,21-04-2020,5:00 PM,Telengana,919,18.1124,79.0193
1187,21-04-2020,5:00 PM,Tripura,2,23.9408,91.9882
1188,21-04-2020,5:00 PM,Uttarakhand,46,30.0668,79.0193
1189,21-04-2020,5:00 PM,Uttar Pradesh,1294,26.8467,80.9462
1190,21-04-2020,5:00 PM,West Bengal,392,22.9868,87.855
1191,22-04-2020,5:00 PM,Andaman and Nicobar Islands,17,11.7401,92.6586
1192,22-04-2020,5:00 PM,Andhra Pradesh,813,15.9129,79.74
1193,22-04-2020,5:00 PM,Arunachal Pradesh,1,28.218,94.7278
1194,22-04-2020,5:00 PM,Assam,35,26.2006,92.9376
1195,22-04-2020,5:00 PM,Bihar,126,25.0961,85.3131
1196,22-04-2020,5:00 PM,Chandigarh,27,30.7333,76.7794
1197,22-04-2020,5:00 PM,Chhattisgarh,36,21.2787,81.8661
1198,22-04-2020,5:00 PM,Delhi,2156,28.7041,77.1025
1199,22-04-2020,5:00 PM,Goa,7,15.2993,74.124
1200,22-04-2020,5:00 PM,Gujarat,2272,22.2587,71.1924
1201,22-04-2020,5:00 PM,Haryana,254,29.0588,76.0856
1202,22-04-2020,5:00 PM,Himachal Pradesh,39,31.1048,77.1734
1203,22-04-2020,5:00 PM,Jammu and Kashmir,380,33.7782,76.5762
1204,22-04-2020,5:00 PM,Jharkhand,45,23.6102,85.2799
1205,22-04-2020,5:00 PM,Karnataka,425,15.3173,75.7139
1206,22-04-2020,5:00 PM,Kerala,427,10.8505,76.2711
1207,22-04-2020,5:00 PM,Ladakh,18,34.1525,77.577
1208,22-04-2020,5:00 PM,Madhya Pradesh,1592,22.9734,78.6569
1209,22-04-2020,5:00 PM,Maharashtra,5221,19.7515,75.7139
1210,22-04-2020,5:00 PM,Manipur,2,24.6637,93.9063
1211,22-04-2020,5:00 PM,Meghalaya,12,25.467,91.3662
1212,22-04-2020,5:00 PM,Mizoram,1,23.1645,92.9376
1213,22-04-2020,5:00 PM,Odisha,82,20.9517,85.0985
1214,22-04-2020,5:00 PM,Puducherry,7,11.9416,79.8083
1215,22-04-2020,5:00 PM,Punjab,251,31.1471,75.3415
1216,22-04-2020,5:00 PM,Rajasthan,1801,27.0238,74.2179
1217,22-04-2020,5:00 PM,Tamil Nadu,1596,11.1271,78.6569
1218,22-04-2020,5:00 PM,Telengana,945,18.1124,79.0193
1219,22-04-2020,5:00 PM,Tripura,2,23.9408,91.9882
1220,22-04-2020,5:00 PM,Uttarakhand,46,30.0668,79.0193
1221,22-04-2020,5:00 PM,Uttar Pradesh,1412,26.8467,80.9462
1222,22-04-2020,5:00 PM,West Bengal,423,22.9868,87.855
1223,23-04-2020,5:00 PM,Andaman and Nicobar Islands,18,11.7401,92.6586
1224,23-04-2020,5:00 PM,Andhra Pradesh,895,15.9129,79.74
1225,23-04-2020,5:00 PM,Arunachal Pradesh,1,28.218,94.7278
1226,23-04-2020,5:00 PM,Assam,35,26.2006,92.9376
1227,23-04-2020,5:00 PM,Bihar,148,25.0961,85.3131
1228,23-04-2020,5:00 PM,Chandigarh,27,30.7333,76.7794
1229,23-04-2020,5:00 PM,Chhattisgarh,36,21.2787,81.8661
1230,23-04-2020,5:00 PM,Delhi,2248,28.7041,77.1025
1231,23-04-2020,5:00 PM,Goa,7,15.2993,74.124
1232,23-04-2020,5:00 PM,Gujarat,2407,22.2587,71.1924
1233,23-04-2020,5:00 PM,Haryana,262,29.0588,76.0856
1234,23-04-2020,5:00 PM,Himachal Pradesh,40,31.1048,77.1734
1235,23-04-2020,5:00 PM,Jammu and Kashmir,407,33.7782,76.5762
1236,23-04-2020,5:00 PM,Jharkhand,49,23.6102,85.2799
1237,23-04-2020,5:00 PM,Karnataka,443,15.3173,75.7139
1238,23-04-2020,5:00 PM,Kerala,438,10.8505,76.2711
1239,23-04-2020,5:00 PM,Ladakh,18,34.1525,77.577
1240,23-04-2020,5:00 PM,Madhya Pradesh,1695,22.9734,78.6569
1241,23-04-2020,5:00 PM,Maharashtra,5652,19.7515,75.7139
1242,23-04-2020,5:00 PM,Manipur,2,24.6637,93.9063
1243,23-04-2020,5:00 PM,Meghalaya,12,25.467,91.3662
1244,23-04-2020,5:00 PM,Mizoram,1,23.1645,92.9376
1245,23-04-2020,5:00 PM,Odisha,83,20.9517,85.0985
1246,23-04-2020,5:00 PM,Puducherry,7,11.9416,79.8083
1247,23-04-2020,5:00 PM,Punjab,277,31.1471,75.3415
1248,23-04-2020,5:00 PM,Rajasthan,1890,27.0238,74.2179
1249,23-04-2020,5:00 PM,Tamil Nadu,1629,11.1271,78.6569
1250,23-04-2020,5:00 PM,Telengana,960,18.1124,79.0193
1251,23-04-2020,5:00 PM,Tripura,2,23.9408,91.9882
1252,23-04-2020,5:00 PM,Uttarakhand,46,30.0668,79.0193
1253,23-04-2020,5:00 PM,Uttar Pradesh,1509,26.8467,80.9462
1254,23-04-2020,5:00 PM,West Bengal,456,22.9868,87.855
1255,24-04-2020,5:00 PM,Andaman and Nicobar Islands,22,11.7401,92.6586
1256,24-04-2020,5:00 PM,Andhra Pradesh,955,15.9129,79.74
1257,24-04-2020,5:00 PM,Arunachal Pradesh,1,28.218,94.7278
1258,24-04-2020,5:00 PM,Assam,36,26.2006,92.9376
1259,24-04-2020,5:00 PM,Bihar,176,25.0961,85.3131
1260,24-04-2020,5:00 PM,Chandigarh,27,30.7333,76.7794
1261,24-04-2020,5:00 PM,Chhattisgarh,36,21.2787,81.8661
1262,24-04-2020,5:00 PM,Delhi,2376,28.7041,77.1025
1263,24-04-2020,5:00 PM,Goa,7,15.2993,74.124
1264,24-04-2020,5:00 PM,Gujarat,2624,22.2587,71.1924
1265,24-04-2020,5:00 PM,Haryana,272,29.0588,76.0856
1266,24-04-2020,5:00 PM,Himachal Pradesh,40,31.1048,77.1734
1267,24-04-2020,5:00 PM,Jammu and Kashmir,427,33.7782,76.5762
1268,24-04-2020,5:00 PM,Jharkhand,55,23.6102,85.2799
1269,24-04-2020,5:00 PM,Karnataka,463,15.3173,75.7139
1270,24-04-2020,5:00 PM,Kerala,448,10.8505,76.2711
1271,24-04-2020,5:00 PM,Ladakh,18,34.1525,77.577
1272,24-04-2020,5:00 PM,Madhya Pradesh,1852,22.9734,78.6569
1273,24-04-2020,5:00 PM,Maharashtra,6430,19.7515,75.7139
1274,24-04-2020,5:00 PM,Manipur,2,24.6637,93.9063
1275,24-04-2020,5:00 PM,Meghalaya,12,25.467,91.3662
1276,24-04-2020,5:00 PM,Mizoram,1,23.1645,92.9376
1277,24-04-2020,5:00 PM,Odisha,90,20.9517,85.0985
1278,24-04-2020,5:00 PM,Puducherry,7,11.9416,79.8083
1279,24-04-2020,5:00 PM,Punjab,277,31.1471,75.3415
1280,24-04-2020,5:00 PM,Rajasthan,1964,27.0238,74.2179
1281,24-04-2020,5:00 PM,Tamil Nadu,1683,11.1271,78.6569
1282,24-04-2020,5:00 PM,Telengana,984,18.1124,79.0193
1283,24-04-2020,5:00 PM,Tripura,2,23.9408,91.9882
1284,24-04-2020,5:00 PM,Uttarakhand,47,30.0668,79.0193
1285,24-04-2020,5:00 PM,Uttar Pradesh,1604,26.8467,80.9462
1286,24-04-2020,5:00 PM,West Bengal,514,22.9868,87.855
1287,25-04-2020,5:00 PM,Andaman and Nicobar Islands,27,11.7401,92.6586
1288,25-04-2020,5:00 PM,Andhra Pradesh,1061,15.9129,79.74
1289,25-04-2020,5:00 PM,Arunachal Pradesh,1,28.218,94.7278
1290,25-04-2020,5:00 PM,Assam,36,26.2006,92.9376
1291,25-04-2020,5:00 PM,Bihar,228,25.0961,85.3131
1292,25-04-2020,5:00 PM,Chandigarh,28,30.7333,76.7794
1293,25-04-2020,5:00 PM,Chhattisgarh,36,21.2787,81.8661
1294,25-04-2020,5:00 PM,Delhi,2514,28.7041,77.1025
1295,25-04-2020,5:00 PM,Goa,7,15.2993,74.124
1296,25-04-2020,5:00 PM,Gujarat,2815,22.2587,71.1924
1297,25-04-2020,5:00 PM,Haryana,272,29.0588,76.0856
1298,25-04-2020,5:00 PM,Himachal Pradesh,40,31.1048,77.1734
1299,25-04-2020,5:00 PM,Jammu and Kashmir,454,33.7782,76.5762
1300,25-04-2020,5:00 PM,Jharkhand,59,23.6102,85.2799
1301,25-04-2020,5:00 PM,Karnataka,489,15.3173,75.7139
1302,25-04-2020,5:00 PM,Kerala,451,10.8505,76.2711
1303,25-04-2020,5:00 PM,Ladakh,20,34.1525,77.577
1304,25-04-2020,5:00 PM,Madhya Pradesh,1952,22.9734,78.6569
1305,25-04-2020,5:00 PM,Maharashtra,6817,19.7515,75.7139
1306,25-04-2020,5:00 PM,Manipur,2,24.6637,93.9063
1307,25-04-2020,5:00 PM,Meghalaya,12,25.467,91.3662
1308,25-04-2020,5:00 PM,Mizoram,1,23.1645,92.9376
1309,25-04-2020,5:00 PM,Odisha,94,20.9517,85.0985
1310,25-04-2020,5:00 PM,Puducherry,7,11.9416,79.8083
1311,25-04-2020,5:00 PM,Punjab,298,31.1471,75.3415
1312,25-04-2020,5:00 PM,Rajasthan,2034,27.0238,74.2179
1313,25-04-2020,5:00 PM,Tamil Nadu,1755,11.1271,78.6569
1314,25-04-2020,5:00 PM,Telengana,984,18.1124,79.0193
1315,25-04-2020,5:00 PM,Tripura,2,23.9408,91.9882
1316,25-04-2020,5:00 PM,Uttarakhand,48,30.0668,79.0193
1317,25-04-2020,5:00 PM,Uttar Pradesh,1778,26.8467,80.9462
1318,25-04-2020,5:00 PM,West Bengal,571,22.9868,87.855
